-- phpMyAdmin SQL Dump
-- version 5.2.1
-- https://www.phpmyadmin.net/
--
-- Hôte : 127.0.0.1
-- Généré le : jeu. 04 déc. 2025 à 09:13
-- Version du serveur : 10.4.32-MariaDB
-- Version de PHP : 8.2.12

SET SQL_MODE = "NO_AUTO_VALUE_ON_ZERO";
START TRANSACTION;
SET time_zone = "+00:00";


/*!40101 SET @OLD_CHARACTER_SET_CLIENT=@@CHARACTER_SET_CLIENT */;
/*!40101 SET @OLD_CHARACTER_SET_RESULTS=@@CHARACTER_SET_RESULTS */;
/*!40101 SET @OLD_COLLATION_CONNECTION=@@COLLATION_CONNECTION */;
/*!40101 SET NAMES utf8mb4 */;

--
-- Base de données : `db_location`
--

-- --------------------------------------------------------

--
-- Structure de la table `affectation`
--

CREATE TABLE `affectation` (
  `id` int(11) NOT NULL,
  `dateAffectation` datetime NOT NULL,
  `idAgentCreate` int(11) NOT NULL,
  `idAgent` int(11) NOT NULL,
  `idQuartier` int(11) NOT NULL,
  `idPower` int(11) NOT NULL
) ENGINE=InnoDB DEFAULT CHARSET=utf8mb4 COLLATE=utf8mb4_general_ci;

--
-- Déchargement des données de la table `affectation`
--

INSERT INTO `affectation` (`id`, `dateAffectation`, `idAgentCreate`, `idAgent`, `idQuartier`, `idPower`) VALUES
(1, '2025-12-03 16:16:00', 5, 7, 236, 1),
(2, '2025-12-03 16:16:00', 5, 7, 235, 2),
(3, '2025-12-03 16:16:00', 5, 7, 236, 3),
(4, '2025-12-03 16:32:00', 4, 6, 336, 2),
(5, '2025-12-03 16:32:00', 4, 6, 336, 4),
(6, '2025-12-03 16:32:00', 4, 6, 336, 5);

-- --------------------------------------------------------

--
-- Structure de la table `agent`
--

CREATE TABLE `agent` (
  `id` int(11) NOT NULL,
  `nom` varchar(15) NOT NULL,
  `postnom` varchar(15) NOT NULL,
  `prenom` varchar(15) NOT NULL,
  `sexe` varchar(1) NOT NULL,
  `telephone` varchar(15) NOT NULL,
  `adresse` varchar(50) NOT NULL,
  `email` varchar(100) NOT NULL,
  `photo` varchar(100) NOT NULL,
  `pseudo` varchar(10) NOT NULL,
  `pwd` varchar(100) NOT NULL,
  `idFonction` int(11) NOT NULL
) ENGINE=InnoDB DEFAULT CHARSET=utf8mb4 COLLATE=utf8mb4_general_ci;

--
-- Déchargement des données de la table `agent`
--

INSERT INTO `agent` (`id`, `nom`, `postnom`, `prenom`, `sexe`, `telephone`, `adresse`, `email`, `photo`, `pseudo`, `pwd`, `idFonction`) VALUES
(1, 'MUKALA', 'MAMBU', 'Charles', 'M', '0815909050', 'Kinshasa Ngaliema', 'charlesmukala@yahoo.fr', 'uploads/agents/agent_6925c74cdd8125.52050317.jpg', 'charles', '$2y$10$.3SYF3GiZ.5O5J7Zz9irlunp6WDALHVVguuHI0Xs35mRii/BLt.Km', 1),
(2, 'LUVUMBU', 'NDANDAKASA', 'Espérant', 'M', '0812316707', '17 Mpangala Ngaliema', 'esperantluvumbu@yahoo.fr', 'uploads/agents/agent_6925c81b62d045.64089561.png', 'midi', '$2y$10$oe2sf/s/zGD5M8P1YCW2cuB0i3bw09Micga.i2ER2reVGwLCOQ4vW', 3),
(3, 'KALUKA', 'MBALA', 'Francine', 'F', '0839101155', '232 Mweka Lingwala', 'midi@yahoo.fr', 'uploads/agents/agent_6925c84a969201.85407073.png', 'france', '$2y$10$ly//2wdQikb89qafYJOYhe58pBQicNDo6gPAUc2iI36EUchpcHcFS', 3),
(4, 'KAPATA', 'LEKI', 'KAPS', 'F', '0839101155', '232 Mweka Lingwala', 'jeremieluvumbu@gmail.com', 'uploads/agents/agent_692858b9b7c314.40101873.jpg', 'kaps', '$2y$10$hN7M8q0FQoUDLzynVDo5WueDc5WmXi2HNnWo8B0a2scMdyrYI/BWm', 2),
(5, 'MAMBUENI', 'NDANGI', 'Aris', 'M', '0840966229', '17 Mpangala Ngaliema', 'admin@example.com', 'uploads/agents/agent_69285906ec92d7.60812098.png', 'aris', '$2y$10$JA.VuL5xeZOUx2qzLnGal.eDHoj.h2/ctZdgWxPhJUnC23SasM6Te', 2),
(6, 'MALONDA', 'NTEDIKA', 'Paola', 'F', '0822267472', '15C Banunu Matete', 'midi@yahoo.fr', 'uploads/agents/agent_6928594e19fe09.70624857.jpg', 'paola', '$2y$10$qOWtLFNzhdjBn333LVTcN.mJ.oLoUVXUP.BPlexShqY7Cnmm7GLF.', 3),
(7, 'LOKILO', 'MWAMINI', 'Gemima', 'F', '0822267472', '232 Mweka Lingwala', 'esperantluvumbu2016@gmail.com', 'uploads/agents/agent_692859a7207c82.27661320.png', 'gemy', '$2y$10$NBDtnQgG36FtNbQbeBw2.u/V2tKrziyZVapWvwzyr1a1YDp72EyhK', 3);

-- --------------------------------------------------------

--
-- Structure de la table `clients`
--

CREATE TABLE `clients` (
  `id` int(11) NOT NULL,
  `nom` varchar(15) NOT NULL,
  `postnom` varchar(15) NOT NULL,
  `prenom` varchar(15) NOT NULL,
  `sexe` varchar(1) NOT NULL,
  `adresse` varchar(50) NOT NULL,
  `idQuartier` int(11) NOT NULL,
  `telephone` varchar(15) NOT NULL,
  `personneContact` varchar(50) NOT NULL,
  `idEtat` int(11) NOT NULL
) ENGINE=InnoDB DEFAULT CHARSET=utf8mb4 COLLATE=utf8mb4_general_ci;

--
-- Déchargement des données de la table `clients`
--

INSERT INTO `clients` (`id`, `nom`, `postnom`, `prenom`, `sexe`, `adresse`, `idQuartier`, `telephone`, `personneContact`, `idEtat`) VALUES
(1, 'MAZOKA', 'KANKU', 'Alain', 'F', 'Avenue 140', 16, '+243 81 3741739', 'Contact 1 / +243 87 4687104', 1),
(2, 'MAMBU', 'POMBA', 'Papy', 'M', 'Avenue 30', 270, '+243 82 8219530', 'Contact 2 / +243 88 6480868', 1),
(3, 'Nom3', 'Post3', 'Pre3', 'F', 'Avenue 92', 197, '+243 83 8105537', 'Contact 3 / +243 85 2430276', 1),
(4, 'Nom4', 'Post4', 'Pre4', 'F', 'Avenue 5', 156, '+243 80 8599722', 'Contact 4 / +243 86 3038907', 1),
(5, 'Nom5', 'Post5', 'Pre5', 'F', 'Avenue 163', 287, '+243 84 8614530', 'Contact 5 / +243 84 1373029', 1),
(6, 'ADIPANDI', 'PONDU', 'Aimée', 'F', 'Avenue 56', 218, '+243 80 7172612', 'Contact 6 / +243 89 1474242', 1),
(7, 'Nom7', 'Post7', 'Pre7', 'M', 'Avenue 187', 161, '+243 83 5209973', 'Contact 7 / +243 87 371453', 1),
(8, 'MALALA', 'MOSENGO', 'Gracia', 'F', 'Avenue 114', 218, '+243 85 4821518', 'Contact 8 / +243 80 6379080', 1),
(9, 'PHOBA', 'ADLEMAN', 'Daniel', 'M', 'Avenue 129', 218, '+243 88 8353503', 'Contact 9 / +243 89 1426658', 1),
(10, 'Nom10', 'Post10', 'Pre10', 'F', 'Avenue 131', 297, '+243 80 8768066', 'Contact 10 / +243 86 1875745', 1),
(11, 'Nom11', 'Post11', 'Pre11', 'M', 'Avenue 38', 172, '+243 87 3953395', 'Contact 11 / +243 88 1129679', 1),
(12, 'Nom12', 'Post12', 'Pre12', 'F', 'Avenue 86', 100, '+243 80 4722042', 'Contact 12 / +243 84 4639284', 1),
(13, 'Nom13', 'Post13', 'Pre13', 'M', 'Avenue 14', 143, '+243 87 4293665', 'Contact 13 / +243 81 5073832', 1),
(14, 'Nom14', 'Post14', 'Pre14', 'M', 'Avenue 83', 155, '+243 88 429967', 'Contact 14 / +243 86 876379', 1),
(15, 'Nom15', 'Post15', 'Pre15', 'F', 'Avenue 84', 174, '+243 81 1022550', 'Contact 15 / +243 82 8078182', 1),
(16, 'Nom16', 'Post16', 'Pre16', 'F', 'Avenue 6', 338, '+243 85 7413991', 'Contact 16 / +243 85 3144667', 1),
(17, 'Nom17', 'Post17', 'Pre17', 'M', 'Avenue 44', 352, '+243 81 6733243', 'Contact 17 / +243 83 5173789', 1),
(18, 'Nom18', 'Post18', 'Pre18', 'F', 'Avenue 37', 219, '+243 84 2808882', 'Contact 18 / +243 82 4952364', 1),
(19, 'Nom19', 'Post19', 'Pre19', 'F', 'Avenue 129', 239, '+243 83 5951755', 'Contact 19 / +243 83 6238436', 1),
(20, 'Nom20', 'Post20', 'Pre20', 'M', 'Avenue 43', 261, '+243 89 3654385', 'Contact 20 / +243 83 2701617', 1),
(21, 'Nom21', 'Post21', 'Pre21', 'F', 'Avenue 9', 174, '+243 82 6511750', 'Contact 21 / +243 89 4215223', 1),
(22, 'Nom22', 'Post22', 'Pre22', 'F', 'Avenue 77', 96, '+243 81 8226584', 'Contact 22 / +243 81 245549', 1),
(23, 'Nom23', 'Post23', 'Pre23', 'F', 'Avenue 58', 160, '+243 82 1697375', 'Contact 23 / +243 80 6031502', 1),
(24, 'Nom24', 'Post24', 'Pre24', 'M', 'Avenue 7', 202, '+243 86 5305618', 'Contact 24 / +243 80 2159351', 1),
(25, 'Nom25', 'Post25', 'Pre25', 'M', 'Avenue 50', 250, '+243 86 1758362', 'Contact 25 / +243 80 5216311', 1),
(26, 'Nom26', 'Post26', 'Pre26', 'F', 'Avenue 50', 320, '+243 86 3718597', 'Contact 26 / +243 82 8885378', 1),
(27, 'Nom27', 'Post27', 'Pre27', 'M', 'Avenue 7', 219, '+243 88 4763292', 'Contact 27 / +243 80 6194813', 1),
(28, 'Nom28', 'Post28', 'Pre28', 'M', 'Avenue 62', 273, '+243 87 6129010', 'Contact 28 / +243 80 2066754', 1),
(29, 'Nom29', 'Post29', 'Pre29', 'F', 'Avenue 46', 80, '+243 83 2328366', 'Contact 29 / +243 81 8673876', 1),
(30, 'Nom30', 'Post30', 'Pre30', 'M', 'Avenue 196', 290, '+243 80 5910371', 'Contact 30 / +243 82 3218797', 1),
(31, 'Nom31', 'Post31', 'Pre31', 'F', 'Avenue 176', 165, '+243 85 5575473', 'Contact 31 / +243 83 6511547', 1),
(32, 'Nom32', 'Post32', 'Pre32', 'F', 'Avenue 34', 312, '+243 87 1326530', 'Contact 32 / +243 85 1301431', 1),
(33, 'Nom33', 'Post33', 'Pre33', 'M', 'Avenue 84', 217, '+243 86 6357417', 'Contact 33 / +243 84 852042', 1),
(34, 'Nom34', 'Post34', 'Pre34', 'M', 'Avenue 88', 283, '+243 85 3173439', 'Contact 34 / +243 81 6804949', 1),
(35, 'Nom35', 'Post35', 'Pre35', 'M', 'Avenue 38', 32, '+243 88 90683', 'Contact 35 / +243 84 3732852', 1),
(36, 'Nom36', 'Post36', 'Pre36', 'F', 'Avenue 157', 48, '+243 82 8816964', 'Contact 36 / +243 80 4116026', 1),
(37, 'Nom37', 'Post37', 'Pre37', 'M', 'Avenue 174', 79, '+243 84 5885389', 'Contact 37 / +243 88 4369390', 1),
(38, 'Nom38', 'Post38', 'Pre38', 'F', 'Avenue 67', 153, '+243 80 856122', 'Contact 38 / +243 82 473373', 1),
(39, 'Nom39', 'Post39', 'Pre39', 'M', 'Avenue 28', 123, '+243 82 2094378', 'Contact 39 / +243 84 3617556', 1),
(40, 'Nom40', 'Post40', 'Pre40', 'F', 'Avenue 108', 170, '+243 86 669552', 'Contact 40 / +243 82 2112933', 1),
(41, 'Nom41', 'Post41', 'Pre41', 'M', 'Avenue 158', 22, '+243 89 3725074', 'Contact 41 / +243 83 3063017', 1),
(42, 'Nom42', 'Post42', 'Pre42', 'F', 'Avenue 148', 165, '+243 80 6846673', 'Contact 42 / +243 87 3709770', 1),
(43, 'Nom43', 'Post43', 'Pre43', 'F', 'Avenue 197', 144, '+243 80 7696720', 'Contact 43 / +243 82 6459398', 1),
(44, 'Nom44', 'Post44', 'Pre44', 'F', 'Avenue 187', 90, '+243 83 2280268', 'Contact 44 / +243 80 5626662', 1),
(45, 'Nom45', 'Post45', 'Pre45', 'F', 'Avenue 119', 113, '+243 87 7009711', 'Contact 45 / +243 86 323106', 1),
(46, 'Nom46', 'Post46', 'Pre46', 'M', 'Avenue 134', 328, '+243 84 5227292', 'Contact 46 / +243 85 8908830', 1),
(47, 'Nom47', 'Post47', 'Pre47', 'M', 'Avenue 116', 356, '+243 81 5982580', 'Contact 47 / +243 89 7994762', 1),
(48, 'Nom48', 'Post48', 'Pre48', 'F', 'Avenue 179', 345, '+243 80 2291596', 'Contact 48 / +243 82 3387829', 1),
(49, 'Nom49', 'Post49', 'Pre49', 'M', 'Avenue 172', 301, '+243 89 6133749', 'Contact 49 / +243 85 5145902', 1),
(50, 'Nom50', 'Post50', 'Pre50', 'M', 'Avenue 145', 287, '+243 87 2318017', 'Contact 50 / +243 81 7697001', 1),
(51, 'Nom51', 'Post51', 'Pre51', 'F', 'Avenue 186', 351, '+243 89 954066', 'Contact 51 / +243 85 3536168', 1),
(52, 'Nom52', 'Post52', 'Pre52', 'M', 'Avenue 102', 199, '+243 81 2297532', 'Contact 52 / +243 87 8754945', 1),
(53, 'Nom53', 'Post53', 'Pre53', 'F', 'Avenue 37', 24, '+243 87 5597174', 'Contact 53 / +243 88 2195957', 1),
(54, 'Nom54', 'Post54', 'Pre54', 'F', 'Avenue 7', 341, '+243 85 8157621', 'Contact 54 / +243 89 7563758', 1),
(55, 'Nom55', 'Post55', 'Pre55', 'M', 'Avenue 162', 239, '+243 88 1827580', 'Contact 55 / +243 85 8861376', 1),
(56, 'Nom56', 'Post56', 'Pre56', 'M', 'Avenue 175', 110, '+243 88 3376628', 'Contact 56 / +243 83 3959985', 1),
(57, 'Nom57', 'Post57', 'Pre57', 'M', 'Avenue 196', 50, '+243 87 1920044', 'Contact 57 / +243 88 7569976', 1),
(58, 'Nom58', 'Post58', 'Pre58', 'F', 'Avenue 12', 277, '+243 85 6148995', 'Contact 58 / +243 86 1718388', 1),
(59, 'KABEYA', 'MBUYI', 'Gerry', 'M', 'Avenue 95', 301, '+243 83 7180769', 'Contact 59 / +243 88 8058986', 1),
(60, 'Nom60', 'Post60', 'Pre60', 'F', 'Avenue 166', 166, '+243 87 4058372', 'Contact 60 / +243 89 4509504', 1),
(61, 'Nom61', 'Post61', 'Pre61', 'F', 'Avenue 92', 194, '+243 82 6521521', 'Contact 61 / +243 88 15735', 1),
(62, 'Nom62', 'Post62', 'Pre62', 'F', 'Avenue 102', 18, '+243 87 3489708', 'Contact 62 / +243 88 8389833', 1),
(63, 'Nom63', 'Post63', 'Pre63', 'M', 'Avenue 44', 183, '+243 88 5919443', 'Contact 63 / +243 87 5629', 1),
(64, 'Nom64', 'Post64', 'Pre64', 'F', 'Avenue 18', 222, '+243 87 8431478', 'Contact 64 / +243 84 3143643', 1),
(65, 'Nom65', 'Post65', 'Pre65', 'M', 'Avenue 41', 247, '+243 87 6708547', 'Contact 65 / +243 84 890726', 1),
(66, 'Nom66', 'Post66', 'Pre66', 'M', 'Avenue 34', 212, '+243 83 1261166', 'Contact 66 / +243 85 4135905', 1),
(67, 'Nom67', 'Post67', 'Pre67', 'F', 'Avenue 94', 235, '+243 87 571918', 'Contact 67 / +243 89 3892455', 1),
(68, 'Nom68', 'Post68', 'Pre68', 'M', 'Avenue 129', 23, '+243 83 6066455', 'Contact 68 / +243 82 2268798', 1),
(69, 'TULUKA', 'MONDO', 'Prosperine', 'M', 'Avenue 144', 218, '+243 84 8797818', 'Contact 69 / +243 84 3753775', 1),
(70, 'BORA', 'WA NGOY', 'Esther', 'F', 'Avenue 25', 301, '+243 86 4113750', 'Contact 70 / +243 83 1974572', 1),
(71, 'Nom71', 'Post71', 'Pre71', 'M', 'Avenue 10', 310, '+243 80 7145064', 'Contact 71 / +243 87 4216311', 1),
(72, 'Nom72', 'Post72', 'Pre72', 'M', 'Avenue 151', 251, '+243 81 6229082', 'Contact 72 / +243 80 4945', 1),
(73, 'Nom73', 'Post73', 'Pre73', 'F', 'Avenue 156', 14, '+243 88 839850', 'Contact 73 / +243 89 3961327', 1),
(74, 'Nom74', 'Post74', 'Pre74', 'M', 'Avenue 104', 187, '+243 89 3129284', 'Contact 74 / +243 88 249533', 1),
(75, 'Nom75', 'Post75', 'Pre75', 'F', 'Avenue 79', 330, '+243 83 7365079', 'Contact 75 / +243 81 4106511', 1),
(76, 'Nom76', 'Post76', 'Pre76', 'F', 'Avenue 60', 117, '+243 86 3751006', 'Contact 76 / +243 80 569592', 1),
(77, 'Nom77', 'Post77', 'Pre77', 'M', 'Avenue 90', 320, '+243 80 3814668', 'Contact 77 / +243 80 1803005', 1),
(78, 'MAMBU', 'BENE', 'Mami', 'F', 'Avenue 198', 244, '+243 80 7073158', 'Contact 78 / +243 88 6365236', 1),
(79, 'Nom79', 'Post79', 'Pre79', 'M', 'Avenue 72', 195, '+243 85 1928470', 'Contact 79 / +243 83 2627252', 1),
(80, 'Nom80', 'Post80', 'Pre80', 'M', 'Avenue 123', 71, '+243 81 8896737', 'Contact 80 / +243 86 361570', 1),
(81, 'Nom81', 'Post81', 'Pre81', 'M', 'Avenue 173', 52, '+243 81 856593', 'Contact 81 / +243 81 4884291', 1),
(82, 'Nom82', 'Post82', 'Pre82', 'M', 'Avenue 90', 229, '+243 87 8123847', 'Contact 82 / +243 82 4827592', 1),
(83, 'Nom83', 'Post83', 'Pre83', 'F', 'Avenue 13', 195, '+243 84 6295491', 'Contact 83 / +243 81 4479792', 1),
(84, 'Nom84', 'Post84', 'Pre84', 'M', 'Avenue 32', 153, '+243 85 6552248', 'Contact 84 / +243 88 782968', 1),
(85, 'Nom85', 'Post85', 'Pre85', 'F', 'Avenue 20', 325, '+243 81 8918979', 'Contact 85 / +243 85 7660459', 1),
(86, 'Nom86', 'Post86', 'Pre86', 'F', 'Avenue 50', 213, '+243 81 8979691', 'Contact 86 / +243 85 6507933', 1),
(87, 'Nom87', 'Post87', 'Pre87', 'F', 'Avenue 151', 308, '+243 89 667518', 'Contact 87 / +243 86 7704114', 1),
(88, 'Nom88', 'Post88', 'Pre88', 'M', 'Avenue 119', 251, '+243 86 1024926', 'Contact 88 / +243 86 7997', 1),
(89, 'Nom89', 'Post89', 'Pre89', 'F', 'Avenue 198', 353, '+243 88 2761656', 'Contact 89 / +243 80 1467757', 1),
(90, 'Nom90', 'Post90', 'Pre90', 'F', 'Avenue 67', 143, '+243 89 4533722', 'Contact 90 / +243 87 632164', 1),
(91, 'Nom91', 'Post91', 'Pre91', 'M', 'Avenue 160', 146, '+243 85 6550390', 'Contact 91 / +243 88 2276353', 1),
(92, 'Nom92', 'Post92', 'Pre92', 'F', 'Avenue 51', 172, '+243 85 4168379', 'Contact 92 / +243 85 5306524', 1),
(93, 'Nom93', 'Post93', 'Pre93', 'M', 'Avenue 6', 253, '+243 83 5901595', 'Contact 93 / +243 82 2277157', 1),
(94, 'Nom94', 'Post94', 'Pre94', 'F', 'Avenue 181', 341, '+243 89 7828260', 'Contact 94 / +243 85 1422176', 1),
(95, 'Nom95', 'Post95', 'Pre95', 'M', 'Avenue 34', 177, '+243 88 8863394', 'Contact 95 / +243 82 3390079', 1),
(96, 'Nom96', 'Post96', 'Pre96', 'M', 'Avenue 58', 79, '+243 81 2583342', 'Contact 96 / +243 88 4820808', 1),
(97, 'Nom97', 'Post97', 'Pre97', 'M', 'Avenue 118', 311, '+243 84 6940163', 'Contact 97 / +243 84 86986', 1),
(98, 'Nom98', 'Post98', 'Pre98', 'F', 'Avenue 48', 93, '+243 85 8402217', 'Contact 98 / +243 80 4076535', 1),
(99, 'Nom99', 'Post99', 'Pre99', 'M', 'Avenue 40', 250, '+243 87 8408493', 'Contact 99 / +243 82 5566094', 1),
(100, 'Nom100', 'Post100', 'Pre100', 'M', 'Avenue 68', 364, '+243 89 6274703', 'Contact 100 / +243 86 2847244', 1),
(101, 'Nom101', 'Post101', 'Pre101', 'F', 'Avenue 147', 26, '+243 81 4400048', 'Contact 101 / +243 80 5963736', 1),
(102, 'Nom102', 'Post102', 'Pre102', 'M', 'Avenue 38', 90, '+243 86 4559403', 'Contact 102 / +243 85 3903247', 1),
(103, 'Nom103', 'Post103', 'Pre103', 'M', 'Avenue 136', 79, '+243 80 4625471', 'Contact 103 / +243 84 7484725', 1),
(104, 'NTEMO', 'BALIA', 'Novalys', 'F', 'Avenue 35', 248, '+243 88 2092669', 'Contact 104 / +243 86 3024075', 1),
(105, 'Nom105', 'Post105', 'Pre105', 'F', 'Avenue 58', 322, '+243 85 8441706', 'Contact 105 / +243 81 8295341', 1),
(106, 'Nom106', 'Post106', 'Pre106', 'M', 'Avenue 14', 312, '+243 80 6140633', 'Contact 106 / +243 82 2665469', 1),
(107, 'Nom107', 'Post107', 'Pre107', 'F', 'Avenue 97', 150, '+243 85 5986793', 'Contact 107 / +243 85 8751685', 1),
(108, 'Nom108', 'Post108', 'Pre108', 'M', 'Avenue 97', 74, '+243 85 826252', 'Contact 108 / +243 88 8400764', 1),
(109, 'Nom109', 'Post109', 'Pre109', 'M', 'Avenue 181', 44, '+243 88 8710966', 'Contact 109 / +243 82 2941855', 1),
(110, 'Nom110', 'Post110', 'Pre110', 'F', 'Avenue 99', 297, '+243 85 2920909', 'Contact 110 / +243 89 7891674', 1),
(111, 'Nom111', 'Post111', 'Pre111', 'M', 'Avenue 147', 101, '+243 81 8556544', 'Contact 111 / +243 82 5335775', 1),
(112, 'Nom112', 'Post112', 'Pre112', 'M', 'Avenue 141', 91, '+243 81 7438130', 'Contact 112 / +243 87 4278717', 1),
(113, 'Nom113', 'Post113', 'Pre113', 'M', 'Avenue 118', 352, '+243 80 1994215', 'Contact 113 / +243 80 5047807', 1),
(114, 'Nom114', 'Post114', 'Pre114', 'F', 'Avenue 132', 112, '+243 85 6868055', 'Contact 114 / +243 82 6835453', 1),
(115, 'Nom115', 'Post115', 'Pre115', 'M', 'Avenue 112', 113, '+243 88 2915515', 'Contact 115 / +243 80 3508867', 1),
(116, 'Nom116', 'Post116', 'Pre116', 'F', 'Avenue 98', 97, '+243 88 3728455', 'Contact 116 / +243 85 4502003', 1),
(117, 'Nom117', 'Post117', 'Pre117', 'F', 'Avenue 155', 115, '+243 82 2245979', 'Contact 117 / +243 85 8319977', 1),
(118, 'Nom118', 'Post118', 'Pre118', 'M', 'Avenue 63', 197, '+243 87 348323', 'Contact 118 / +243 80 8117554', 1),
(119, 'Nom119', 'Post119', 'Pre119', 'M', 'Avenue 157', 164, '+243 88 12828', 'Contact 119 / +243 84 42355', 1),
(120, 'Nom120', 'Post120', 'Pre120', 'F', 'Avenue 15', 340, '+243 84 2507658', 'Contact 120 / +243 81 8435303', 1),
(121, 'Nom121', 'Post121', 'Pre121', 'M', 'Avenue 60', 306, '+243 82 7572867', 'Contact 121 / +243 84 4343366', 1),
(122, 'Nom122', 'Post122', 'Pre122', 'M', 'Avenue 119', 131, '+243 89 7916984', 'Contact 122 / +243 84 4606696', 1),
(123, 'Nom123', 'Post123', 'Pre123', 'M', 'Avenue 161', 87, '+243 87 418599', 'Contact 123 / +243 89 6916666', 1),
(124, 'Nom124', 'Post124', 'Pre124', 'F', 'Avenue 36', 82, '+243 85 1410019', 'Contact 124 / +243 80 8729421', 1),
(125, 'Nom125', 'Post125', 'Pre125', 'F', 'Avenue 3', 124, '+243 86 1124844', 'Contact 125 / +243 87 3103177', 1),
(126, 'Nom126', 'Post126', 'Pre126', 'M', 'Avenue 85', 240, '+243 89 163277', 'Contact 126 / +243 81 4037028', 1),
(127, 'Nom127', 'Post127', 'Pre127', 'F', 'Avenue 71', 357, '+243 87 277827', 'Contact 127 / +243 87 7410760', 1),
(128, 'Nom128', 'Post128', 'Pre128', 'F', 'Avenue 73', 196, '+243 85 2001611', 'Contact 128 / +243 84 3846279', 1),
(129, 'Nom129', 'Post129', 'Pre129', 'F', 'Avenue 23', 349, '+243 84 1388829', 'Contact 129 / +243 85 3331001', 1),
(130, 'Nom130', 'Post130', 'Pre130', 'M', 'Avenue 128', 280, '+243 88 1477962', 'Contact 130 / +243 81 2177125', 1),
(131, 'Nom131', 'Post131', 'Pre131', 'F', 'Avenue 23', 105, '+243 80 4399212', 'Contact 131 / +243 82 6530629', 1),
(132, 'Nom132', 'Post132', 'Pre132', 'F', 'Avenue 77', 74, '+243 88 5192206', 'Contact 132 / +243 83 1481339', 1),
(133, 'Nom133', 'Post133', 'Pre133', 'F', 'Avenue 187', 227, '+243 82 5134393', 'Contact 133 / +243 89 2493739', 1),
(134, 'Nom134', 'Post134', 'Pre134', 'M', 'Avenue 26', 174, '+243 89 4277249', 'Contact 134 / +243 84 6874621', 1),
(135, 'Nom135', 'Post135', 'Pre135', 'F', 'Avenue 47', 243, '+243 86 390563', 'Contact 135 / +243 83 7736124', 1),
(136, 'Nom136', 'Post136', 'Pre136', 'M', 'Avenue 188', 145, '+243 81 5000845', 'Contact 136 / +243 83 78279', 1),
(137, 'Nom137', 'Post137', 'Pre137', 'M', 'Avenue 32', 260, '+243 80 939189', 'Contact 137 / +243 83 5516810', 1),
(138, 'Nom138', 'Post138', 'Pre138', 'F', 'Avenue 141', 297, '+243 89 1729717', 'Contact 138 / +243 81 3315967', 1),
(139, 'Nom139', 'Post139', 'Pre139', 'M', 'Avenue 54', 194, '+243 88 4945944', 'Contact 139 / +243 82 6229188', 1),
(140, 'Nom140', 'Post140', 'Pre140', 'F', 'Avenue 40', 20, '+243 86 1124935', 'Contact 140 / +243 86 7979637', 1),
(141, 'Nom141', 'Post141', 'Pre141', 'M', 'Avenue 144', 65, '+243 87 581577', 'Contact 141 / +243 81 5767794', 1),
(142, 'Nom142', 'Post142', 'Pre142', 'F', 'Avenue 118', 317, '+243 85 745218', 'Contact 142 / +243 88 7182569', 1),
(143, 'Nom143', 'Post143', 'Pre143', 'F', 'Avenue 83', 148, '+243 87 5289394', 'Contact 143 / +243 86 4886957', 1),
(144, 'Nom144', 'Post144', 'Pre144', 'F', 'Avenue 5', 346, '+243 86 3133643', 'Contact 144 / +243 88 1101288', 1),
(145, 'Nom145', 'Post145', 'Pre145', 'M', 'Avenue 38', 228, '+243 85 7224452', 'Contact 145 / +243 84 5925942', 1),
(146, 'Nom146', 'Post146', 'Pre146', 'M', 'Avenue 57', 100, '+243 85 6391540', 'Contact 146 / +243 80 354807', 1),
(147, 'Nom147', 'Post147', 'Pre147', 'M', 'Avenue 71', 184, '+243 84 6140075', 'Contact 147 / +243 80 3996826', 1),
(148, 'Nom148', 'Post148', 'Pre148', 'F', 'Avenue 59', 260, '+243 86 1469449', 'Contact 148 / +243 88 6378978', 1),
(149, 'Nom149', 'Post149', 'Pre149', 'M', 'Avenue 199', 334, '+243 85 991458', 'Contact 149 / +243 88 7945872', 1),
(150, 'Nom150', 'Post150', 'Pre150', 'F', 'Avenue 156', 94, '+243 89 8106628', 'Contact 150 / +243 87 7230472', 1),
(151, 'Nom151', 'Post151', 'Pre151', 'F', 'Avenue 31', 18, '+243 87 6174086', 'Contact 151 / +243 81 5436025', 1),
(152, 'Nom152', 'Post152', 'Pre152', 'F', 'Avenue 60', 235, '+243 83 5241782', 'Contact 152 / +243 80 2636301', 1),
(153, 'Nom153', 'Post153', 'Pre153', 'M', 'Avenue 64', 109, '+243 85 6142571', 'Contact 153 / +243 88 2634700', 1),
(154, 'Nom154', 'Post154', 'Pre154', 'F', 'Avenue 83', 191, '+243 83 1155893', 'Contact 154 / +243 86 6908124', 1),
(155, 'Nom155', 'Post155', 'Pre155', 'F', 'Avenue 85', 111, '+243 82 1876670', 'Contact 155 / +243 83 2255882', 1),
(156, 'Nom156', 'Post156', 'Pre156', 'M', 'Avenue 177', 17, '+243 85 6555769', 'Contact 156 / +243 89 3823826', 1),
(157, 'Nom157', 'Post157', 'Pre157', 'M', 'Avenue 103', 187, '+243 89 4010173', 'Contact 157 / +243 82 7968444', 1),
(158, 'Nom158', 'Post158', 'Pre158', 'F', 'Avenue 162', 359, '+243 84 3316347', 'Contact 158 / +243 84 1667575', 1),
(159, 'Nom159', 'Post159', 'Pre159', 'F', 'Avenue 40', 134, '+243 82 8615886', 'Contact 159 / +243 81 8178501', 1),
(160, 'Nom160', 'Post160', 'Pre160', 'M', 'Avenue 129', 9, '+243 81 6943481', 'Contact 160 / +243 83 4014929', 1),
(161, 'Nom161', 'Post161', 'Pre161', 'M', 'Avenue 106', 52, '+243 81 822171', 'Contact 161 / +243 81 4286464', 1),
(162, 'Nom162', 'Post162', 'Pre162', 'F', 'Avenue 45', 126, '+243 80 996881', 'Contact 162 / +243 84 267308', 1),
(163, 'Nom163', 'Post163', 'Pre163', 'F', 'Avenue 113', 236, '+243 85 5761217', 'Contact 163 / +243 86 3359231', 1),
(164, 'Nom164', 'Post164', 'Pre164', 'F', 'Avenue 66', 360, '+243 89 5883356', 'Contact 164 / +243 85 5215631', 1),
(165, 'Nom165', 'Post165', 'Pre165', 'M', 'Avenue 25', 190, '+243 82 4268114', 'Contact 165 / +243 87 3174677', 1),
(166, 'Nom166', 'Post166', 'Pre166', 'M', 'Avenue 86', 247, '+243 80 2980205', 'Contact 166 / +243 84 1982562', 1),
(167, 'Nom167', 'Post167', 'Pre167', 'F', 'Avenue 41', 259, '+243 89 4161860', 'Contact 167 / +243 85 3858080', 1),
(168, 'Nom168', 'Post168', 'Pre168', 'M', 'Avenue 196', 203, '+243 88 3887584', 'Contact 168 / +243 87 2032063', 1),
(169, 'Nom169', 'Post169', 'Pre169', 'M', 'Avenue 80', 353, '+243 86 1523804', 'Contact 169 / +243 80 4882190', 1),
(170, 'Nom170', 'Post170', 'Pre170', 'F', 'Avenue 156', 319, '+243 89 3340937', 'Contact 170 / +243 88 2093060', 1),
(171, 'Nom171', 'Post171', 'Pre171', 'F', 'Avenue 15', 265, '+243 83 6750855', 'Contact 171 / +243 85 6665429', 1),
(172, 'Nom172', 'Post172', 'Pre172', 'F', 'Avenue 64', 322, '+243 84 4480008', 'Contact 172 / +243 82 5035721', 1),
(173, 'Nom173', 'Post173', 'Pre173', 'M', 'Avenue 30', 95, '+243 88 3522250', 'Contact 173 / +243 84 1099270', 1),
(174, 'Nom174', 'Post174', 'Pre174', 'M', 'Avenue 159', 108, '+243 80 4274402', 'Contact 174 / +243 81 3460724', 1),
(175, 'Nom175', 'Post175', 'Pre175', 'M', 'Avenue 6', 310, '+243 81 1398923', 'Contact 175 / +243 83 2990869', 1),
(176, 'Nom176', 'Post176', 'Pre176', 'F', 'Avenue 183', 304, '+243 83 4484321', 'Contact 176 / +243 83 99899', 1),
(177, 'Nom177', 'Post177', 'Pre177', 'M', 'Avenue 145', 65, '+243 87 8951177', 'Contact 177 / +243 88 2738121', 1),
(178, 'Nom178', 'Post178', 'Pre178', 'F', 'Avenue 165', 111, '+243 80 1701689', 'Contact 178 / +243 88 7926838', 1),
(179, 'Nom179', 'Post179', 'Pre179', 'F', 'Avenue 6', 351, '+243 86 5405470', 'Contact 179 / +243 89 7047729', 1),
(180, 'Nom180', 'Post180', 'Pre180', 'M', 'Avenue 94', 320, '+243 89 783752', 'Contact 180 / +243 86 7262513', 1),
(181, 'Nom181', 'Post181', 'Pre181', 'M', 'Avenue 109', 59, '+243 81 2605196', 'Contact 181 / +243 89 565284', 1),
(182, 'Nom182', 'Post182', 'Pre182', 'M', 'Avenue 117', 321, '+243 86 3834816', 'Contact 182 / +243 82 1990817', 1),
(183, 'Nom183', 'Post183', 'Pre183', 'M', 'Avenue 73', 81, '+243 80 3100944', 'Contact 183 / +243 87 5006374', 1),
(184, 'Nom184', 'Post184', 'Pre184', 'F', 'Avenue 93', 168, '+243 88 540697', 'Contact 184 / +243 86 156380', 1),
(185, 'Nom185', 'Post185', 'Pre185', 'M', 'Avenue 157', 162, '+243 88 7992978', 'Contact 185 / +243 89 8043580', 1),
(186, 'Nom186', 'Post186', 'Pre186', 'F', 'Avenue 197', 271, '+243 87 3775952', 'Contact 186 / +243 89 2956824', 1),
(187, 'Nom187', 'Post187', 'Pre187', 'F', 'Avenue 93', 242, '+243 89 4749865', 'Contact 187 / +243 89 782858', 1),
(188, 'Nom188', 'Post188', 'Pre188', 'F', 'Avenue 180', 226, '+243 83 66912', 'Contact 188 / +243 89 5382784', 1),
(189, 'Nom189', 'Post189', 'Pre189', 'M', 'Avenue 59', 304, '+243 82 7105149', 'Contact 189 / +243 81 4839150', 1),
(190, 'Nom190', 'Post190', 'Pre190', 'M', 'Avenue 22', 44, '+243 82 8766655', 'Contact 190 / +243 80 3858971', 1),
(191, 'Nom191', 'Post191', 'Pre191', 'F', 'Avenue 76', 37, '+243 83 4586556', 'Contact 191 / +243 84 7005727', 1),
(192, 'Nom192', 'Post192', 'Pre192', 'F', 'Avenue 40', 181, '+243 88 7252362', 'Contact 192 / +243 84 7826863', 1),
(193, 'Nom193', 'Post193', 'Pre193', 'F', 'Avenue 54', 157, '+243 83 2978339', 'Contact 193 / +243 86 3993460', 1),
(194, 'Nom194', 'Post194', 'Pre194', 'M', 'Avenue 90', 290, '+243 86 5642210', 'Contact 194 / +243 83 7096353', 1),
(195, 'Nom195', 'Post195', 'Pre195', 'F', 'Avenue 67', 320, '+243 83 941989', 'Contact 195 / +243 84 1246011', 1),
(196, 'Nom196', 'Post196', 'Pre196', 'M', 'Avenue 137', 286, '+243 88 7516655', 'Contact 196 / +243 86 7627703', 1),
(197, 'Nom197', 'Post197', 'Pre197', 'M', 'Avenue 117', 93, '+243 85 7158122', 'Contact 197 / +243 84 7424945', 1),
(198, 'Nom198', 'Post198', 'Pre198', 'F', 'Avenue 103', 70, '+243 83 3613163', 'Contact 198 / +243 88 8359860', 1),
(199, 'Nom199', 'Post199', 'Pre199', 'M', 'Avenue 7', 251, '+243 83 4633860', 'Contact 199 / +243 86 5645475', 1),
(200, 'Nom200', 'Post200', 'Pre200', 'M', 'Avenue 56', 265, '+243 87 5589136', 'Contact 200 / +243 88 2702400', 1),
(201, 'Nom201', 'Post201', 'Pre201', 'M', 'Avenue 23', 209, '+243 85 7134196', 'Contact 201 / +243 84 8410394', 1),
(202, 'Nom202', 'Post202', 'Pre202', 'M', 'Avenue 124', 92, '+243 83 1788685', 'Contact 202 / +243 88 4679914', 1),
(203, 'Nom203', 'Post203', 'Pre203', 'M', 'Avenue 18', 24, '+243 80 569418', 'Contact 203 / +243 81 5552841', 1),
(204, 'Nom204', 'Post204', 'Pre204', 'F', 'Avenue 30', 353, '+243 83 8127737', 'Contact 204 / +243 84 4365898', 1),
(205, 'Nom205', 'Post205', 'Pre205', 'M', 'Avenue 17', 44, '+243 83 2550493', 'Contact 205 / +243 84 2810069', 1),
(206, 'Nom206', 'Post206', 'Pre206', 'M', 'Avenue 76', 44, '+243 84 7858366', 'Contact 206 / +243 80 4731477', 1),
(207, 'Nom207', 'Post207', 'Pre207', 'F', 'Avenue 26', 10, '+243 87 5766271', 'Contact 207 / +243 89 8367316', 1),
(208, 'Nom208', 'Post208', 'Pre208', 'F', 'Avenue 179', 102, '+243 86 5808801', 'Contact 208 / +243 81 6847829', 1),
(209, 'Nom209', 'Post209', 'Pre209', 'M', 'Avenue 129', 30, '+243 84 483934', 'Contact 209 / +243 88 2679023', 1),
(210, 'Nom210', 'Post210', 'Pre210', 'F', 'Avenue 34', 154, '+243 85 5977328', 'Contact 210 / +243 85 7545954', 1),
(211, 'Nom211', 'Post211', 'Pre211', 'M', 'Avenue 190', 104, '+243 85 8594353', 'Contact 211 / +243 80 5280459', 1),
(212, 'Nom212', 'Post212', 'Pre212', 'F', 'Avenue 110', 285, '+243 82 7420932', 'Contact 212 / +243 84 5951007', 1),
(213, 'Nom213', 'Post213', 'Pre213', 'M', 'Avenue 28', 233, '+243 87 7706447', 'Contact 213 / +243 80 4910654', 1),
(214, 'Nom214', 'Post214', 'Pre214', 'F', 'Avenue 132', 119, '+243 86 1989854', 'Contact 214 / +243 81 2561672', 1),
(215, 'Nom215', 'Post215', 'Pre215', 'F', 'Avenue 83', 194, '+243 83 2978796', 'Contact 215 / +243 85 4877735', 1),
(216, 'Nom216', 'Post216', 'Pre216', 'M', 'Avenue 63', 10, '+243 81 7228860', 'Contact 216 / +243 84 202226', 1),
(217, 'Nom217', 'Post217', 'Pre217', 'F', 'Avenue 39', 12, '+243 85 6405248', 'Contact 217 / +243 88 2186411', 1),
(218, 'Nom218', 'Post218', 'Pre218', 'F', 'Avenue 42', 106, '+243 88 1795046', 'Contact 218 / +243 85 1700233', 1),
(219, 'Nom219', 'Post219', 'Pre219', 'M', 'Avenue 158', 57, '+243 83 4461431', 'Contact 219 / +243 83 209375', 1),
(220, 'Nom220', 'Post220', 'Pre220', 'M', 'Avenue 196', 100, '+243 84 2614777', 'Contact 220 / +243 81 592470', 1),
(221, 'Nom221', 'Post221', 'Pre221', 'F', 'Avenue 127', 323, '+243 84 7357066', 'Contact 221 / +243 86 5513976', 1),
(222, 'Nom222', 'Post222', 'Pre222', 'M', 'Avenue 56', 273, '+243 88 1196943', 'Contact 222 / +243 80 7410684', 1),
(223, 'Nom223', 'Post223', 'Pre223', 'F', 'Avenue 89', 106, '+243 80 5632784', 'Contact 223 / +243 88 2667717', 1),
(224, 'Nom224', 'Post224', 'Pre224', 'F', 'Avenue 199', 23, '+243 83 3468757', 'Contact 224 / +243 89 6857274', 1),
(225, 'Nom225', 'Post225', 'Pre225', 'F', 'Avenue 1', 170, '+243 82 528606', 'Contact 225 / +243 84 8583250', 1),
(226, 'Nom226', 'Post226', 'Pre226', 'M', 'Avenue 118', 179, '+243 86 7431573', 'Contact 226 / +243 81 2806014', 1),
(227, 'Nom227', 'Post227', 'Pre227', 'M', 'Avenue 98', 75, '+243 85 1065385', 'Contact 227 / +243 89 3667130', 1),
(228, 'Nom228', 'Post228', 'Pre228', 'M', 'Avenue 135', 309, '+243 81 3498734', 'Contact 228 / +243 83 7238040', 1),
(229, 'Nom229', 'Post229', 'Pre229', 'F', 'Avenue 156', 144, '+243 86 7968382', 'Contact 229 / +243 85 2702541', 1),
(230, 'Nom230', 'Post230', 'Pre230', 'F', 'Avenue 147', 184, '+243 83 8947083', 'Contact 230 / +243 80 3314613', 1),
(231, 'Nom231', 'Post231', 'Pre231', 'F', 'Avenue 10', 132, '+243 86 1271232', 'Contact 231 / +243 87 4075287', 1),
(232, 'Nom232', 'Post232', 'Pre232', 'F', 'Avenue 66', 310, '+243 82 5748354', 'Contact 232 / +243 84 4659692', 1),
(233, 'Nom233', 'Post233', 'Pre233', 'M', 'Avenue 17', 22, '+243 80 8632202', 'Contact 233 / +243 87 6259518', 1),
(234, 'Nom234', 'Post234', 'Pre234', 'M', 'Avenue 116', 334, '+243 88 2639824', 'Contact 234 / +243 80 3415844', 1),
(235, 'Nom235', 'Post235', 'Pre235', 'F', 'Avenue 114', 231, '+243 84 2799243', 'Contact 235 / +243 82 2074372', 1),
(236, 'Nom236', 'Post236', 'Pre236', 'M', 'Avenue 115', 197, '+243 89 1041398', 'Contact 236 / +243 87 3283990', 1),
(237, 'Nom237', 'Post237', 'Pre237', 'F', 'Avenue 178', 244, '+243 86 2454977', 'Contact 237 / +243 84 1724935', 1),
(238, 'MUYOMBO', 'MUO', 'Michrist', 'F', 'Avenue 37', 248, '+243 88 632425', 'Contact 238 / +243 88 2272771', 1),
(239, 'Nom239', 'Post239', 'Pre239', 'F', 'Avenue 33', 28, '+243 88 1348427', 'Contact 239 / +243 81 1602020', 1),
(240, 'Nom240', 'Post240', 'Pre240', 'F', 'Avenue 6', 230, '+243 80 2707864', 'Contact 240 / +243 83 621520', 1),
(241, 'Nom241', 'Post241', 'Pre241', 'M', 'Avenue 120', 196, '+243 88 6225835', 'Contact 241 / +243 88 3010045', 1),
(242, 'Nom242', 'Post242', 'Pre242', 'M', 'Avenue 25', 207, '+243 84 4354983', 'Contact 242 / +243 81 1036883', 1),
(243, 'Nom243', 'Post243', 'Pre243', 'M', 'Avenue 166', 170, '+243 88 5924792', 'Contact 243 / +243 88 3133606', 1),
(244, 'Nom244', 'Post244', 'Pre244', 'M', 'Avenue 138', 5, '+243 89 8127437', 'Contact 244 / +243 85 456616', 1),
(245, 'Nom245', 'Post245', 'Pre245', 'F', 'Avenue 167', 143, '+243 84 171627', 'Contact 245 / +243 87 7718698', 1),
(246, 'Nom246', 'Post246', 'Pre246', 'F', 'Avenue 24', 293, '+243 86 6588807', 'Contact 246 / +243 87 6449439', 1),
(247, 'Nom247', 'Post247', 'Pre247', 'M', 'Avenue 5', 157, '+243 80 41660', 'Contact 247 / +243 88 2164865', 1),
(248, 'Nom248', 'Post248', 'Pre248', 'F', 'Avenue 105', 254, '+243 88 2834608', 'Contact 248 / +243 89 6731491', 1),
(249, 'Nom249', 'Post249', 'Pre249', 'F', 'Avenue 75', 41, '+243 84 6878755', 'Contact 249 / +243 85 4826530', 1),
(250, 'Nom250', 'Post250', 'Pre250', 'F', 'Avenue 62', 221, '+243 80 5124184', 'Contact 250 / +243 86 3655785', 1),
(251, 'Nom251', 'Post251', 'Pre251', 'M', 'Avenue 118', 176, '+243 86 6028411', 'Contact 251 / +243 84 3609738', 1),
(252, 'Nom252', 'Post252', 'Pre252', 'F', 'Avenue 118', 104, '+243 86 3193214', 'Contact 252 / +243 88 1707544', 1),
(253, 'Nom253', 'Post253', 'Pre253', 'M', 'Avenue 82', 319, '+243 81 8602220', 'Contact 253 / +243 84 3009661', 1),
(254, 'Nom254', 'Post254', 'Pre254', 'M', 'Avenue 150', 258, '+243 82 2078395', 'Contact 254 / +243 83 408189', 1),
(255, 'Nom255', 'Post255', 'Pre255', 'M', 'Avenue 156', 134, '+243 84 2530228', 'Contact 255 / +243 89 504824', 1),
(256, 'Nom256', 'Post256', 'Pre256', 'M', 'Avenue 107', 240, '+243 86 3452573', 'Contact 256 / +243 89 3520731', 1),
(257, 'Nom257', 'Post257', 'Pre257', 'M', 'Avenue 196', 77, '+243 81 7916182', 'Contact 257 / +243 80 7541712', 1),
(258, 'Nom258', 'Post258', 'Pre258', 'F', 'Avenue 1', 116, '+243 85 7585279', 'Contact 258 / +243 85 1638483', 1),
(259, 'Nom259', 'Post259', 'Pre259', 'M', 'Avenue 174', 190, '+243 89 2365280', 'Contact 259 / +243 84 3081930', 1),
(260, 'Nom260', 'Post260', 'Pre260', 'M', 'Avenue 28', 148, '+243 85 6972517', 'Contact 260 / +243 80 746539', 1),
(261, 'Nom261', 'Post261', 'Pre261', 'M', 'Avenue 120', 186, '+243 87 740836', 'Contact 261 / +243 82 79005', 1),
(262, 'Nom262', 'Post262', 'Pre262', 'M', 'Avenue 85', 95, '+243 80 2657538', 'Contact 262 / +243 84 2563691', 1),
(263, 'Nom263', 'Post263', 'Pre263', 'M', 'Avenue 150', 150, '+243 87 5888108', 'Contact 263 / +243 89 6830703', 1),
(264, 'Nom264', 'Post264', 'Pre264', 'F', 'Avenue 106', 284, '+243 82 759355', 'Contact 264 / +243 85 5585072', 1),
(265, 'Nom265', 'Post265', 'Pre265', 'M', 'Avenue 6', 8, '+243 80 8913474', 'Contact 265 / +243 89 5659860', 1),
(266, 'Nom266', 'Post266', 'Pre266', 'M', 'Avenue 7', 9, '+243 80 8724865', 'Contact 266 / +243 88 1945419', 1),
(267, 'Nom267', 'Post267', 'Pre267', 'F', 'Avenue 76', 34, '+243 83 2686568', 'Contact 267 / +243 85 7568956', 1),
(268, 'Nom268', 'Post268', 'Pre268', 'F', 'Avenue 58', 283, '+243 89 5489454', 'Contact 268 / +243 80 5727034', 1),
(269, 'Nom269', 'Post269', 'Pre269', 'F', 'Avenue 120', 110, '+243 86 5029915', 'Contact 269 / +243 87 8367255', 1),
(270, 'Nom270', 'Post270', 'Pre270', 'M', 'Avenue 126', 263, '+243 86 2420680', 'Contact 270 / +243 82 5881667', 1),
(271, 'Nom271', 'Post271', 'Pre271', 'M', 'Avenue 199', 296, '+243 80 7268023', 'Contact 271 / +243 89 739657', 1),
(272, 'Nom272', 'Post272', 'Pre272', 'F', 'Avenue 58', 126, '+243 88 1366290', 'Contact 272 / +243 82 7147277', 1),
(273, 'Nom273', 'Post273', 'Pre273', 'M', 'Avenue 144', 348, '+243 85 404163', 'Contact 273 / +243 84 2799000', 1),
(274, 'Nom274', 'Post274', 'Pre274', 'M', 'Avenue 100', 96, '+243 87 1621371', 'Contact 274 / +243 85 625576', 1),
(275, 'Nom275', 'Post275', 'Pre275', 'F', 'Avenue 139', 56, '+243 86 7644199', 'Contact 275 / +243 82 6947317', 1),
(276, 'Nom276', 'Post276', 'Pre276', 'M', 'Avenue 4', 333, '+243 84 5947625', 'Contact 276 / +243 88 3382352', 1),
(277, 'Nom277', 'Post277', 'Pre277', 'M', 'Avenue 38', 64, '+243 82 8069026', 'Contact 277 / +243 86 4357413', 1),
(278, 'Nom278', 'Post278', 'Pre278', 'F', 'Avenue 25', 37, '+243 81 2321124', 'Contact 278 / +243 89 8974624', 1),
(279, 'Nom279', 'Post279', 'Pre279', 'M', 'Avenue 125', 277, '+243 89 2354954', 'Contact 279 / +243 85 1474097', 1),
(280, 'Nom280', 'Post280', 'Pre280', 'M', 'Avenue 151', 233, '+243 89 5750130', 'Contact 280 / +243 84 3727903', 1),
(281, 'Nom281', 'Post281', 'Pre281', 'F', 'Avenue 23', 213, '+243 85 36569', 'Contact 281 / +243 83 7558785', 1),
(282, 'Nom282', 'Post282', 'Pre282', 'M', 'Avenue 184', 125, '+243 89 6014281', 'Contact 282 / +243 85 5726722', 1),
(283, 'Nom283', 'Post283', 'Pre283', 'F', 'Avenue 15', 215, '+243 87 6979908', 'Contact 283 / +243 87 4095065', 1),
(284, 'Nom284', 'Post284', 'Pre284', 'M', 'Avenue 133', 113, '+243 85 7177879', 'Contact 284 / +243 83 3431738', 1),
(285, 'Nom285', 'Post285', 'Pre285', 'F', 'Avenue 13', 296, '+243 88 6956678', 'Contact 285 / +243 83 3727049', 1),
(286, 'Nom286', 'Post286', 'Pre286', 'M', 'Avenue 182', 171, '+243 85 5083539', 'Contact 286 / +243 80 4893107', 1),
(287, 'Nom287', 'Post287', 'Pre287', 'F', 'Avenue 49', 185, '+243 87 3798658', 'Contact 287 / +243 87 4242345', 1),
(288, 'Nom288', 'Post288', 'Pre288', 'M', 'Avenue 31', 163, '+243 87 3684466', 'Contact 288 / +243 88 7031816', 1),
(289, 'Nom289', 'Post289', 'Pre289', 'F', 'Avenue 32', 110, '+243 80 1685083', 'Contact 289 / +243 88 7737122', 1),
(290, 'Nom290', 'Post290', 'Pre290', 'F', 'Avenue 129', 113, '+243 85 286967', 'Contact 290 / +243 83 7546702', 1),
(291, 'Nom291', 'Post291', 'Pre291', 'M', 'Avenue 128', 48, '+243 87 1370036', 'Contact 291 / +243 86 6623581', 1),
(292, 'Nom292', 'Post292', 'Pre292', 'F', 'Avenue 122', 283, '+243 80 7255734', 'Contact 292 / +243 89 3259234', 1),
(293, 'Nom293', 'Post293', 'Pre293', 'F', 'Avenue 124', 109, '+243 86 1564420', 'Contact 293 / +243 80 5619528', 1),
(294, 'Nom294', 'Post294', 'Pre294', 'M', 'Avenue 59', 144, '+243 80 1212457', 'Contact 294 / +243 84 298810', 1),
(295, 'Nom295', 'Post295', 'Pre295', 'F', 'Avenue 83', 360, '+243 86 2767177', 'Contact 295 / +243 85 111939', 1),
(296, 'Nom296', 'Post296', 'Pre296', 'M', 'Avenue 93', 162, '+243 88 6146957', 'Contact 296 / +243 80 4660', 1),
(297, 'Nom297', 'Post297', 'Pre297', 'F', 'Avenue 172', 145, '+243 83 6868284', 'Contact 297 / +243 86 8442198', 1),
(298, 'Nom298', 'Post298', 'Pre298', 'F', 'Avenue 190', 187, '+243 86 8123003', 'Contact 298 / +243 84 5047040', 1),
(299, 'Nom299', 'Post299', 'Pre299', 'M', 'Avenue 106', 122, '+243 80 2691762', 'Contact 299 / +243 83 6351008', 1),
(300, 'Nom300', 'Post300', 'Pre300', 'F', 'Avenue 143', 323, '+243 82 5561833', 'Contact 300 / +243 83 7406578', 1),
(301, 'Nom301', 'Post301', 'Pre301', 'M', 'Avenue 14', 17, '+243 80 7982480', 'Contact 301 / +243 84 3981255', 1),
(302, 'Nom302', 'Post302', 'Pre302', 'F', 'Avenue 84', 96, '+243 80 3906978', 'Contact 302 / +243 80 7988577', 1),
(303, 'Nom303', 'Post303', 'Pre303', 'M', 'Avenue 191', 299, '+243 82 5381800', 'Contact 303 / +243 83 110643', 1),
(304, 'Nom304', 'Post304', 'Pre304', 'F', 'Avenue 170', 120, '+243 80 3500072', 'Contact 304 / +243 87 4118871', 1),
(305, 'Nom305', 'Post305', 'Pre305', 'M', 'Avenue 39', 233, '+243 85 489147', 'Contact 305 / +243 84 2806561', 1),
(306, 'Nom306', 'Post306', 'Pre306', 'M', 'Avenue 87', 350, '+243 84 4507893', 'Contact 306 / +243 80 8191459', 1),
(307, 'Nom307', 'Post307', 'Pre307', 'M', 'Avenue 157', 7, '+243 87 5272883', 'Contact 307 / +243 87 8845783', 1),
(308, 'Nom308', 'Post308', 'Pre308', 'F', 'Avenue 80', 366, '+243 87 8326663', 'Contact 308 / +243 82 5396563', 1),
(309, 'Nom309', 'Post309', 'Pre309', 'M', 'Avenue 13', 297, '+243 88 7746591', 'Contact 309 / +243 87 457483', 1),
(310, 'Nom310', 'Post310', 'Pre310', 'M', 'Avenue 43', 320, '+243 87 8263915', 'Contact 310 / +243 84 5300227', 1),
(311, 'Nom311', 'Post311', 'Pre311', 'F', 'Avenue 185', 5, '+243 82 3430369', 'Contact 311 / +243 80 1208832', 1),
(312, 'Nom312', 'Post312', 'Pre312', 'F', 'Avenue 24', 35, '+243 81 2059249', 'Contact 312 / +243 88 4567153', 1),
(313, 'Nom313', 'Post313', 'Pre313', 'M', 'Avenue 116', 311, '+243 85 8590832', 'Contact 313 / +243 82 4404116', 1),
(314, 'Nom314', 'Post314', 'Pre314', 'F', 'Avenue 141', 231, '+243 80 2103800', 'Contact 314 / +243 80 7034430', 1),
(315, 'Nom315', 'Post315', 'Pre315', 'F', 'Avenue 149', 322, '+243 81 1131261', 'Contact 315 / +243 81 4340367', 1),
(316, 'Nom316', 'Post316', 'Pre316', 'F', 'Avenue 6', 173, '+243 82 8086949', 'Contact 316 / +243 87 7454584', 1),
(317, 'Nom317', 'Post317', 'Pre317', 'M', 'Avenue 130', 63, '+243 89 101878', 'Contact 317 / +243 83 6059178', 1),
(318, 'Nom318', 'Post318', 'Pre318', 'M', 'Avenue 137', 155, '+243 80 8628682', 'Contact 318 / +243 86 3687323', 1),
(319, 'Nom319', 'Post319', 'Pre319', 'M', 'Avenue 31', 201, '+243 82 6383555', 'Contact 319 / +243 87 4942705', 1),
(320, 'Nom320', 'Post320', 'Pre320', 'F', 'Avenue 10', 233, '+243 80 2049246', 'Contact 320 / +243 80 5414563', 1),
(321, 'Nom321', 'Post321', 'Pre321', 'F', 'Avenue 76', 145, '+243 88 8842784', 'Contact 321 / +243 84 962633', 1),
(322, 'Nom322', 'Post322', 'Pre322', 'M', 'Avenue 37', 16, '+243 86 546481', 'Contact 322 / +243 83 7060888', 1),
(323, 'Nom323', 'Post323', 'Pre323', 'F', 'Avenue 71', 210, '+243 87 1502447', 'Contact 323 / +243 85 286207', 1),
(324, 'Nom324', 'Post324', 'Pre324', 'F', 'Avenue 20', 217, '+243 86 4188066', 'Contact 324 / +243 83 4739577', 1),
(325, 'Nom325', 'Post325', 'Pre325', 'M', 'Avenue 163', 238, '+243 87 309455', 'Contact 325 / +243 87 7229631', 1),
(326, 'Nom326', 'Post326', 'Pre326', 'F', 'Avenue 190', 274, '+243 88 1379206', 'Contact 326 / +243 81 1639922', 1),
(327, 'Nom327', 'Post327', 'Pre327', 'F', 'Avenue 16', 307, '+243 89 1455858', 'Contact 327 / +243 80 4899049', 1),
(328, 'Nom328', 'Post328', 'Pre328', 'F', 'Avenue 177', 118, '+243 89 6897463', 'Contact 328 / +243 89 6039476', 1),
(329, 'Nom329', 'Post329', 'Pre329', 'M', 'Avenue 170', 53, '+243 81 3278302', 'Contact 329 / +243 83 5681224', 1),
(330, 'Nom330', 'Post330', 'Pre330', 'M', 'Avenue 143', 78, '+243 89 8297390', 'Contact 330 / +243 88 5519442', 1),
(331, 'Nom331', 'Post331', 'Pre331', 'M', 'Avenue 70', 168, '+243 82 6608790', 'Contact 331 / +243 80 7543401', 1),
(332, 'Nom332', 'Post332', 'Pre332', 'M', 'Avenue 63', 31, '+243 84 644904', 'Contact 332 / +243 89 5573676', 1),
(333, 'Nom333', 'Post333', 'Pre333', 'M', 'Avenue 24', 8, '+243 87 5711629', 'Contact 333 / +243 89 7824333', 1),
(334, 'Nom334', 'Post334', 'Pre334', 'M', 'Avenue 161', 214, '+243 84 6634755', 'Contact 334 / +243 81 6810358', 1),
(335, 'Nom335', 'Post335', 'Pre335', 'M', 'Avenue 148', 39, '+243 83 1661888', 'Contact 335 / +243 80 5016869', 1),
(336, 'Nom336', 'Post336', 'Pre336', 'F', 'Avenue 185', 178, '+243 86 6668566', 'Contact 336 / +243 87 6380346', 1),
(337, 'Nom337', 'Post337', 'Pre337', 'M', 'Avenue 160', 165, '+243 88 7674186', 'Contact 337 / +243 87 1475535', 1),
(338, 'Nom338', 'Post338', 'Pre338', 'F', 'Avenue 88', 163, '+243 89 1509877', 'Contact 338 / +243 81 1678552', 1),
(339, 'Nom339', 'Post339', 'Pre339', 'F', 'Avenue 6', 225, '+243 89 8764186', 'Contact 339 / +243 89 8889356', 1),
(340, 'Nom340', 'Post340', 'Pre340', 'F', 'Avenue 0', 12, '+243 81 6025290', 'Contact 340 / +243 88 3892326', 1),
(341, 'Nom341', 'Post341', 'Pre341', 'M', 'Avenue 38', 171, '+243 87 3298947', 'Contact 341 / +243 85 6962726', 1),
(342, 'Nom342', 'Post342', 'Pre342', 'M', 'Avenue 80', 208, '+243 86 4461098', 'Contact 342 / +243 85 2746174', 1),
(343, 'Nom343', 'Post343', 'Pre343', 'F', 'Avenue 67', 48, '+243 86 7495036', 'Contact 343 / +243 82 5807602', 1),
(344, 'Nom344', 'Post344', 'Pre344', 'F', 'Avenue 153', 76, '+243 87 549500', 'Contact 344 / +243 80 2714259', 1),
(345, 'Nom345', 'Post345', 'Pre345', 'M', 'Avenue 36', 93, '+243 87 7474733', 'Contact 345 / +243 80 4624286', 1),
(346, 'Nom346', 'Post346', 'Pre346', 'F', 'Avenue 57', 272, '+243 88 8846440', 'Contact 346 / +243 83 77224', 1),
(347, 'Nom347', 'Post347', 'Pre347', 'F', 'Avenue 63', 358, '+243 89 6815154', 'Contact 347 / +243 89 5306448', 1),
(348, 'Nom348', 'Post348', 'Pre348', 'M', 'Avenue 77', 309, '+243 80 6629880', 'Contact 348 / +243 85 3681554', 1),
(349, 'Nom349', 'Post349', 'Pre349', 'M', 'Avenue 28', 107, '+243 80 2164009', 'Contact 349 / +243 81 8645365', 1),
(350, 'Nom350', 'Post350', 'Pre350', 'M', 'Avenue 17', 94, '+243 80 2727655', 'Contact 350 / +243 84 4159942', 1),
(351, 'Nom351', 'Post351', 'Pre351', 'F', 'Avenue 10', 223, '+243 88 4948531', 'Contact 351 / +243 81 8809046', 1),
(352, 'Nom352', 'Post352', 'Pre352', 'F', 'Avenue 129', 253, '+243 85 4272754', 'Contact 352 / +243 88 7219014', 1),
(353, 'Nom353', 'Post353', 'Pre353', 'M', 'Avenue 193', 152, '+243 81 5117647', 'Contact 353 / +243 83 806464', 1),
(354, 'Nom354', 'Post354', 'Pre354', 'M', 'Avenue 116', 298, '+243 83 858771', 'Contact 354 / +243 85 4527196', 1),
(355, 'Nom355', 'Post355', 'Pre355', 'F', 'Avenue 139', 355, '+243 87 7465240', 'Contact 355 / +243 89 383193', 1),
(356, 'Nom356', 'Post356', 'Pre356', 'M', 'Avenue 68', 87, '+243 81 274737', 'Contact 356 / +243 87 4124707', 1),
(357, 'Nom357', 'Post357', 'Pre357', 'M', 'Avenue 86', 249, '+243 81 4221370', 'Contact 357 / +243 80 7112282', 1),
(358, 'Nom358', 'Post358', 'Pre358', 'F', 'Avenue 158', 172, '+243 89 3689347', 'Contact 358 / +243 81 5132049', 1),
(359, 'Nom359', 'Post359', 'Pre359', 'M', 'Avenue 28', 224, '+243 86 2504075', 'Contact 359 / +243 85 7046268', 1),
(360, 'Nom360', 'Post360', 'Pre360', 'M', 'Avenue 74', 302, '+243 80 5177661', 'Contact 360 / +243 88 4565313', 1),
(361, 'Nom361', 'Post361', 'Pre361', 'F', 'Avenue 92', 115, '+243 81 8630363', 'Contact 361 / +243 82 3711215', 1),
(362, 'Nom362', 'Post362', 'Pre362', 'M', 'Avenue 40', 58, '+243 81 3533666', 'Contact 362 / +243 84 404230', 1),
(363, 'Nom363', 'Post363', 'Pre363', 'F', 'Avenue 63', 339, '+243 86 5162769', 'Contact 363 / +243 88 5096604', 1),
(364, 'Nom364', 'Post364', 'Pre364', 'M', 'Avenue 119', 76, '+243 82 5286329', 'Contact 364 / +243 82 2731057', 1),
(365, 'Nom365', 'Post365', 'Pre365', 'F', 'Avenue 95', 280, '+243 83 5263635', 'Contact 365 / +243 88 2252517', 1),
(366, 'Nom366', 'Post366', 'Pre366', 'F', 'Avenue 98', 335, '+243 80 6374360', 'Contact 366 / +243 82 2169259', 1),
(367, 'Nom367', 'Post367', 'Pre367', 'M', 'Avenue 41', 319, '+243 87 356564', 'Contact 367 / +243 80 8387800', 1),
(368, 'Nom368', 'Post368', 'Pre368', 'F', 'Avenue 70', 318, '+243 82 7260166', 'Contact 368 / +243 81 4723880', 1),
(369, 'Nom369', 'Post369', 'Pre369', 'M', 'Avenue 142', 143, '+243 88 8054968', 'Contact 369 / +243 80 4446856', 1),
(370, 'Nom370', 'Post370', 'Pre370', 'M', 'Avenue 66', 211, '+243 88 5940447', 'Contact 370 / +243 86 3283809', 1),
(371, 'Nom371', 'Post371', 'Pre371', 'F', 'Avenue 198', 187, '+243 85 2700173', 'Contact 371 / +243 88 1138358', 1),
(372, 'Nom372', 'Post372', 'Pre372', 'M', 'Avenue 140', 317, '+243 82 4490724', 'Contact 372 / +243 88 6205742', 1),
(373, 'Nom373', 'Post373', 'Pre373', 'F', 'Avenue 122', 90, '+243 83 1946758', 'Contact 373 / +243 89 8214739', 1),
(374, 'Nom374', 'Post374', 'Pre374', 'F', 'Avenue 79', 182, '+243 82 41517', 'Contact 374 / +243 81 5522017', 1),
(375, 'Nom375', 'Post375', 'Pre375', 'F', 'Avenue 123', 3, '+243 81 8082087', 'Contact 375 / +243 89 47434', 1),
(376, 'Nom376', 'Post376', 'Pre376', 'M', 'Avenue 3', 172, '+243 82 611794', 'Contact 376 / +243 84 558643', 1),
(377, 'Nom377', 'Post377', 'Pre377', 'F', 'Avenue 113', 361, '+243 82 1519091', 'Contact 377 / +243 81 3032586', 1),
(378, 'Nom378', 'Post378', 'Pre378', 'M', 'Avenue 176', 322, '+243 87 800442', 'Contact 378 / +243 82 7022402', 1),
(379, 'Nom379', 'Post379', 'Pre379', 'M', 'Avenue 4', 112, '+243 84 2845515', 'Contact 379 / +243 82 2449569', 1),
(380, 'Nom380', 'Post380', 'Pre380', 'F', 'Avenue 65', 273, '+243 87 4249697', 'Contact 380 / +243 81 2512794', 1),
(381, 'Nom381', 'Post381', 'Pre381', 'F', 'Avenue 11', 125, '+243 85 5851866', 'Contact 381 / +243 86 2658048', 1),
(382, 'Nom382', 'Post382', 'Pre382', 'F', 'Avenue 151', 78, '+243 87 2135735', 'Contact 382 / +243 88 5529099', 1),
(383, 'Nom383', 'Post383', 'Pre383', 'M', 'Avenue 107', 94, '+243 86 5245394', 'Contact 383 / +243 89 6915683', 1),
(384, 'Nom384', 'Post384', 'Pre384', 'M', 'Avenue 70', 138, '+243 88 8635883', 'Contact 384 / +243 83 7613672', 1),
(385, 'Nom385', 'Post385', 'Pre385', 'M', 'Avenue 87', 221, '+243 86 6131384', 'Contact 385 / +243 83 4739274', 1),
(386, 'Nom386', 'Post386', 'Pre386', 'F', 'Avenue 174', 109, '+243 88 3780037', 'Contact 386 / +243 85 2792184', 1),
(387, 'Nom387', 'Post387', 'Pre387', 'M', 'Avenue 22', 200, '+243 83 2580296', 'Contact 387 / +243 82 4824170', 1),
(388, 'Nom388', 'Post388', 'Pre388', 'F', 'Avenue 120', 181, '+243 86 7074701', 'Contact 388 / +243 89 4482509', 1),
(389, 'Nom389', 'Post389', 'Pre389', 'F', 'Avenue 77', 78, '+243 88 7613446', 'Contact 389 / +243 85 1455701', 1),
(390, 'Nom390', 'Post390', 'Pre390', 'M', 'Avenue 91', 268, '+243 82 1785918', 'Contact 390 / +243 81 1677475', 1),
(391, 'Nom391', 'Post391', 'Pre391', 'M', 'Avenue 151', 143, '+243 86 1911866', 'Contact 391 / +243 80 4869036', 1),
(392, 'Nom392', 'Post392', 'Pre392', 'F', 'Avenue 73', 16, '+243 81 3726337', 'Contact 392 / +243 87 4405084', 1),
(393, 'Nom393', 'Post393', 'Pre393', 'M', 'Avenue 114', 89, '+243 84 6411524', 'Contact 393 / +243 80 3262343', 1),
(394, 'Nom394', 'Post394', 'Pre394', 'F', 'Avenue 95', 308, '+243 87 3181163', 'Contact 394 / +243 84 1372147', 1),
(395, 'Nom395', 'Post395', 'Pre395', 'M', 'Avenue 143', 101, '+243 82 2681617', 'Contact 395 / +243 88 1742612', 1),
(396, 'Nom396', 'Post396', 'Pre396', 'F', 'Avenue 199', 161, '+243 82 6354598', 'Contact 396 / +243 89 4154275', 1),
(397, 'Nom397', 'Post397', 'Pre397', 'F', 'Avenue 83', 146, '+243 87 4610219', 'Contact 397 / +243 83 1395470', 1),
(398, 'Nom398', 'Post398', 'Pre398', 'F', 'Avenue 67', 146, '+243 89 6536214', 'Contact 398 / +243 86 1924835', 1),
(399, 'Nom399', 'Post399', 'Pre399', 'M', 'Avenue 105', 196, '+243 80 7795024', 'Contact 399 / +243 80 5748281', 1),
(400, 'Nom400', 'Post400', 'Pre400', 'M', 'Avenue 68', 201, '+243 87 8449689', 'Contact 400 / +243 85 8206214', 1),
(401, 'Nom401', 'Post401', 'Pre401', 'F', 'Avenue 174', 223, '+243 84 2070684', 'Contact 401 / +243 89 8197417', 1),
(402, 'Nom402', 'Post402', 'Pre402', 'F', 'Avenue 46', 291, '+243 82 8570332', 'Contact 402 / +243 89 8489656', 1),
(403, 'Nom403', 'Post403', 'Pre403', 'F', 'Avenue 70', 93, '+243 82 2355084', 'Contact 403 / +243 86 6327926', 1),
(404, 'Nom404', 'Post404', 'Pre404', 'M', 'Avenue 0', 276, '+243 87 4264727', 'Contact 404 / +243 81 2162222', 1),
(405, 'Nom405', 'Post405', 'Pre405', 'F', 'Avenue 59', 32, '+243 85 3810194', 'Contact 405 / +243 85 2314199', 1),
(406, 'Nom406', 'Post406', 'Pre406', 'F', 'Avenue 15', 26, '+243 81 3421849', 'Contact 406 / +243 85 5454566', 1),
(407, 'Nom407', 'Post407', 'Pre407', 'M', 'Avenue 18', 118, '+243 83 5720654', 'Contact 407 / +243 82 1787822', 1),
(408, 'Nom408', 'Post408', 'Pre408', 'M', 'Avenue 10', 102, '+243 82 2889999', 'Contact 408 / +243 89 5356399', 1),
(409, 'Nom409', 'Post409', 'Pre409', 'M', 'Avenue 83', 135, '+243 85 7385333', 'Contact 409 / +243 83 2535718', 1),
(410, 'Nom410', 'Post410', 'Pre410', 'M', 'Avenue 193', 276, '+243 88 117079', 'Contact 410 / +243 85 4361242', 1),
(411, 'Nom411', 'Post411', 'Pre411', 'F', 'Avenue 17', 265, '+243 83 5144389', 'Contact 411 / +243 88 3123599', 1),
(412, 'Nom412', 'Post412', 'Pre412', 'M', 'Avenue 89', 130, '+243 84 504870', 'Contact 412 / +243 80 7858706', 1),
(413, 'Nom413', 'Post413', 'Pre413', 'M', 'Avenue 17', 149, '+243 87 5712132', 'Contact 413 / +243 88 3686185', 1),
(414, 'Nom414', 'Post414', 'Pre414', 'M', 'Avenue 13', 356, '+243 86 2625289', 'Contact 414 / +243 85 7314427', 1),
(415, 'Nom415', 'Post415', 'Pre415', 'M', 'Avenue 163', 267, '+243 81 7093761', 'Contact 415 / +243 83 3753122', 1),
(416, 'Nom416', 'Post416', 'Pre416', 'M', 'Avenue 165', 37, '+243 80 6652629', 'Contact 416 / +243 86 1367535', 1),
(417, 'Nom417', 'Post417', 'Pre417', 'F', 'Avenue 46', 351, '+243 80 5002828', 'Contact 417 / +243 85 8471563', 1),
(418, 'Nom418', 'Post418', 'Pre418', 'M', 'Avenue 176', 361, '+243 82 3948176', 'Contact 418 / +243 83 4258170', 1),
(419, 'Nom419', 'Post419', 'Pre419', 'M', 'Avenue 8', 121, '+243 85 5777573', 'Contact 419 / +243 86 2038841', 1),
(420, 'Nom420', 'Post420', 'Pre420', 'M', 'Avenue 105', 333, '+243 89 980149', 'Contact 420 / +243 86 7954714', 1),
(421, 'Nom421', 'Post421', 'Pre421', 'M', 'Avenue 162', 215, '+243 84 6424854', 'Contact 421 / +243 80 2536546', 1),
(422, 'Nom422', 'Post422', 'Pre422', 'M', 'Avenue 186', 68, '+243 81 1075075', 'Contact 422 / +243 81 5439238', 1),
(423, 'Nom423', 'Post423', 'Pre423', 'M', 'Avenue 81', 259, '+243 83 3799789', 'Contact 423 / +243 81 5985656', 1),
(424, 'Nom424', 'Post424', 'Pre424', 'F', 'Avenue 167', 324, '+243 89 8070816', 'Contact 424 / +243 87 749932', 1),
(425, 'Nom425', 'Post425', 'Pre425', 'M', 'Avenue 102', 39, '+243 89 5513331', 'Contact 425 / +243 81 6291671', 1),
(426, 'Nom426', 'Post426', 'Pre426', 'M', 'Avenue 153', 120, '+243 83 5650615', 'Contact 426 / +243 81 8984684', 1),
(427, 'Nom427', 'Post427', 'Pre427', 'M', 'Avenue 63', 73, '+243 80 5419870', 'Contact 427 / +243 88 5932252', 1),
(428, 'Nom428', 'Post428', 'Pre428', 'F', 'Avenue 20', 246, '+243 80 1680273', 'Contact 428 / +243 88 4643098', 1),
(429, 'Nom429', 'Post429', 'Pre429', 'M', 'Avenue 24', 76, '+243 86 6620131', 'Contact 429 / +243 86 982630', 1),
(430, 'Nom430', 'Post430', 'Pre430', 'F', 'Avenue 90', 221, '+243 86 3951632', 'Contact 430 / +243 82 8283165', 1),
(431, 'Nom431', 'Post431', 'Pre431', 'F', 'Avenue 107', 36, '+243 88 1091532', 'Contact 431 / +243 89 3834066', 1),
(432, 'Nom432', 'Post432', 'Pre432', 'M', 'Avenue 0', 90, '+243 82 3090435', 'Contact 432 / +243 80 2900929', 1),
(433, 'Nom433', 'Post433', 'Pre433', 'M', 'Avenue 6', 355, '+243 87 7168949', 'Contact 433 / +243 87 3777088', 1),
(434, 'Nom434', 'Post434', 'Pre434', 'F', 'Avenue 160', 215, '+243 85 7396907', 'Contact 434 / +243 85 3062646', 1),
(435, 'Nom435', 'Post435', 'Pre435', 'M', 'Avenue 13', 107, '+243 82 3081353', 'Contact 435 / +243 89 8083070', 1),
(436, 'Nom436', 'Post436', 'Pre436', 'F', 'Avenue 196', 113, '+243 85 326081', 'Contact 436 / +243 84 8233471', 1),
(437, 'Nom437', 'Post437', 'Pre437', 'M', 'Avenue 11', 73, '+243 88 4754110', 'Contact 437 / +243 81 2262128', 1),
(438, 'Nom438', 'Post438', 'Pre438', 'F', 'Avenue 4', 309, '+243 81 1843805', 'Contact 438 / +243 85 2818231', 1),
(439, 'Nom439', 'Post439', 'Pre439', 'F', 'Avenue 21', 38, '+243 81 5883988', 'Contact 439 / +243 86 4545960', 1),
(440, 'Nom440', 'Post440', 'Pre440', 'M', 'Avenue 142', 84, '+243 80 2919163', 'Contact 440 / +243 86 981626', 1),
(441, 'KINUANI', 'MOMBO', 'Miryam', 'F', 'Avenue 30', 248, '+243 89 5483421', 'Contact 441 / +243 82 4301413', 1),
(442, 'Nom442', 'Post442', 'Pre442', 'F', 'Avenue 119', 62, '+243 80 6625543', 'Contact 442 / +243 85 4276352', 1);
INSERT INTO `clients` (`id`, `nom`, `postnom`, `prenom`, `sexe`, `adresse`, `idQuartier`, `telephone`, `personneContact`, `idEtat`) VALUES
(443, 'Nom443', 'Post443', 'Pre443', 'F', 'Avenue 80', 262, '+243 83 6238489', 'Contact 443 / +243 83 6624242', 1),
(444, 'Nom444', 'Post444', 'Pre444', 'F', 'Avenue 149', 351, '+243 85 7902099', 'Contact 444 / +243 87 570044', 1),
(445, 'Nom445', 'Post445', 'Pre445', 'M', 'Avenue 60', 78, '+243 81 1264188', 'Contact 445 / +243 82 6860877', 1),
(446, 'Nom446', 'Post446', 'Pre446', 'M', 'Avenue 43', 292, '+243 83 1788910', 'Contact 446 / +243 80 5568342', 1),
(447, 'Nom447', 'Post447', 'Pre447', 'F', 'Avenue 193', 344, '+243 87 1415719', 'Contact 447 / +243 84 4852595', 1),
(448, 'NGOMA', 'NZILA', 'Pandicha', 'M', 'Avenue 165', 248, '+243 88 3889068', 'Contact 448 / +243 84 1173623', 1),
(449, 'Nom449', 'Post449', 'Pre449', 'M', 'Avenue 117', 130, '+243 80 8838946', 'Contact 449 / +243 88 4181880', 1),
(450, 'Nom450', 'Post450', 'Pre450', 'F', 'Avenue 197', 336, '+243 86 3044304', 'Contact 450 / +243 88 1541642', 1),
(451, 'Nom451', 'Post451', 'Pre451', 'M', 'Avenue 42', 7, '+243 84 1955893', 'Contact 451 / +243 87 8794338', 1),
(452, 'Nom452', 'Post452', 'Pre452', 'F', 'Avenue 121', 339, '+243 87 1776059', 'Contact 452 / +243 86 3833699', 1),
(453, 'Nom453', 'Post453', 'Pre453', 'M', 'Avenue 63', 231, '+243 81 785947', 'Contact 453 / +243 88 8951197', 1),
(454, 'Nom454', 'Post454', 'Pre454', 'M', 'Avenue 22', 110, '+243 81 8069667', 'Contact 454 / +243 80 3163536', 1),
(455, 'Nom455', 'Post455', 'Pre455', 'F', 'Avenue 121', 310, '+243 84 4404037', 'Contact 455 / +243 82 6110228', 1),
(456, 'Nom456', 'Post456', 'Pre456', 'F', 'Avenue 99', 131, '+243 83 3899691', 'Contact 456 / +243 82 142873', 1),
(457, 'Nom457', 'Post457', 'Pre457', 'M', 'Avenue 80', 52, '+243 84 443566', 'Contact 457 / +243 87 6094221', 1),
(458, 'Nom458', 'Post458', 'Pre458', 'M', 'Avenue 84', 307, '+243 89 954713', 'Contact 458 / +243 87 4260551', 1),
(459, 'Nom459', 'Post459', 'Pre459', 'M', 'Avenue 7', 338, '+243 84 6371283', 'Contact 459 / +243 80 1296233', 1),
(460, 'Nom460', 'Post460', 'Pre460', 'F', 'Avenue 73', 55, '+243 86 6936971', 'Contact 460 / +243 89 2840497', 1),
(461, 'Nom461', 'Post461', 'Pre461', 'F', 'Avenue 11', 328, '+243 82 7018758', 'Contact 461 / +243 80 6918969', 1),
(462, 'Nom462', 'Post462', 'Pre462', 'F', 'Avenue 117', 221, '+243 82 4061030', 'Contact 462 / +243 84 1299841', 1),
(463, 'Nom463', 'Post463', 'Pre463', 'M', 'Avenue 136', 273, '+243 86 1409436', 'Contact 463 / +243 87 2387176', 1),
(464, 'Nom464', 'Post464', 'Pre464', 'M', 'Avenue 126', 328, '+243 85 2190532', 'Contact 464 / +243 84 5103884', 1),
(465, 'Nom465', 'Post465', 'Pre465', 'M', 'Avenue 116', 202, '+243 89 3072700', 'Contact 465 / +243 87 4807680', 1),
(466, 'Nom466', 'Post466', 'Pre466', 'F', 'Avenue 15', 285, '+243 86 8391053', 'Contact 466 / +243 87 6525966', 1),
(467, 'Nom467', 'Post467', 'Pre467', 'F', 'Avenue 77', 144, '+243 88 7735886', 'Contact 467 / +243 88 7136479', 1),
(468, 'Nom468', 'Post468', 'Pre468', 'M', 'Avenue 66', 229, '+243 81 7152201', 'Contact 468 / +243 85 4285575', 1),
(469, 'Nom469', 'Post469', 'Pre469', 'F', 'Avenue 179', 177, '+243 87 1481719', 'Contact 469 / +243 86 7156691', 1),
(470, 'Nom470', 'Post470', 'Pre470', 'M', 'Avenue 125', 47, '+243 87 3482988', 'Contact 470 / +243 86 1905363', 1),
(471, 'Nom471', 'Post471', 'Pre471', 'M', 'Avenue 107', 217, '+243 83 8487434', 'Contact 471 / +243 86 5269744', 1),
(472, 'Nom472', 'Post472', 'Pre472', 'F', 'Avenue 127', 202, '+243 88 5106532', 'Contact 472 / +243 83 7359487', 1),
(473, 'Nom473', 'Post473', 'Pre473', 'M', 'Avenue 86', 228, '+243 88 1850964', 'Contact 473 / +243 85 2881615', 1),
(474, 'Nom474', 'Post474', 'Pre474', 'F', 'Avenue 46', 237, '+243 85 6614086', 'Contact 474 / +243 80 1306389', 1),
(475, 'Nom475', 'Post475', 'Pre475', 'F', 'Avenue 28', 63, '+243 84 5567400', 'Contact 475 / +243 88 1876918', 1),
(476, 'Nom476', 'Post476', 'Pre476', 'F', 'Avenue 78', 60, '+243 86 5860732', 'Contact 476 / +243 83 8187956', 1),
(477, 'Nom477', 'Post477', 'Pre477', 'M', 'Avenue 84', 305, '+243 88 8408376', 'Contact 477 / +243 80 2350295', 1),
(478, 'Nom478', 'Post478', 'Pre478', 'M', 'Avenue 110', 354, '+243 81 8310618', 'Contact 478 / +243 81 7759677', 1),
(479, 'Nom479', 'Post479', 'Pre479', 'F', 'Avenue 14', 206, '+243 85 2329922', 'Contact 479 / +243 85 7898525', 1),
(480, 'Nom480', 'Post480', 'Pre480', 'F', 'Avenue 68', 124, '+243 86 2217683', 'Contact 480 / +243 82 5825933', 1),
(481, 'Nom481', 'Post481', 'Pre481', 'M', 'Avenue 16', 71, '+243 87 301340', 'Contact 481 / +243 89 8055121', 1),
(482, 'Nom482', 'Post482', 'Pre482', 'M', 'Avenue 140', 32, '+243 83 3040199', 'Contact 482 / +243 87 5781070', 1),
(483, 'Nom483', 'Post483', 'Pre483', 'M', 'Avenue 32', 281, '+243 83 3614968', 'Contact 483 / +243 89 6587173', 1),
(484, 'Nom484', 'Post484', 'Pre484', 'F', 'Avenue 58', 134, '+243 89 5793350', 'Contact 484 / +243 83 8571214', 1),
(485, 'Nom485', 'Post485', 'Pre485', 'F', 'Avenue 60', 225, '+243 81 8496655', 'Contact 485 / +243 82 3858554', 1),
(486, 'Nom486', 'Post486', 'Pre486', 'M', 'Avenue 129', 31, '+243 84 1128656', 'Contact 486 / +243 81 5584774', 1),
(487, 'Nom487', 'Post487', 'Pre487', 'F', 'Avenue 132', 291, '+243 89 4782682', 'Contact 487 / +243 87 8613092', 1),
(488, 'Nom488', 'Post488', 'Pre488', 'F', 'Avenue 80', 15, '+243 89 7779281', 'Contact 488 / +243 83 595584', 1),
(489, 'Nom489', 'Post489', 'Pre489', 'M', 'Avenue 95', 141, '+243 84 2565430', 'Contact 489 / +243 89 8609716', 1),
(490, 'Nom490', 'Post490', 'Pre490', 'F', 'Avenue 122', 134, '+243 89 7806013', 'Contact 490 / +243 83 1760722', 1),
(491, 'Nom491', 'Post491', 'Pre491', 'F', 'Avenue 182', 314, '+243 85 1603119', 'Contact 491 / +243 82 6078604', 1),
(492, 'Nom492', 'Post492', 'Pre492', 'F', 'Avenue 45', 72, '+243 82 7437445', 'Contact 492 / +243 82 8594789', 1),
(493, 'Nom493', 'Post493', 'Pre493', 'F', 'Avenue 141', 290, '+243 88 7422023', 'Contact 493 / +243 86 4839394', 1),
(494, 'Nom494', 'Post494', 'Pre494', 'F', 'Avenue 158', 120, '+243 82 2653951', 'Contact 494 / +243 87 5871675', 1),
(495, 'Nom495', 'Post495', 'Pre495', 'M', 'Avenue 148', 106, '+243 82 2199948', 'Contact 495 / +243 85 340160', 1),
(496, 'Nom496', 'Post496', 'Pre496', 'F', 'Avenue 103', 5, '+243 85 4405077', 'Contact 496 / +243 89 1731926', 1),
(497, 'Nom497', 'Post497', 'Pre497', 'M', 'Avenue 50', 278, '+243 80 8357930', 'Contact 497 / +243 85 7325967', 1),
(498, 'Nom498', 'Post498', 'Pre498', 'F', 'Avenue 21', 4, '+243 87 5402332', 'Contact 498 / +243 88 2833295', 1),
(499, 'Nom499', 'Post499', 'Pre499', 'M', 'Avenue 115', 213, '+243 81 912737', 'Contact 499 / +243 89 6260904', 1),
(500, 'Nom500', 'Post500', 'Pre500', 'M', 'Avenue 60', 33, '+243 85 3408870', 'Contact 500 / +243 83 3590173', 1),
(501, 'Nom501', 'Post501', 'Pre501', 'M', 'Avenue 34', 232, '+243 86 3067053', 'Contact 501 / +243 87 7109381', 1),
(502, 'Nom502', 'Post502', 'Pre502', 'F', 'Avenue 188', 265, '+243 87 6705238', 'Contact 502 / +243 83 5970354', 1),
(503, 'Nom503', 'Post503', 'Pre503', 'M', 'Avenue 179', 352, '+243 81 5902002', 'Contact 503 / +243 89 7310232', 1),
(504, 'Nom504', 'Post504', 'Pre504', 'M', 'Avenue 106', 27, '+243 87 5823512', 'Contact 504 / +243 89 5727460', 1),
(505, 'Nom505', 'Post505', 'Pre505', 'M', 'Avenue 53', 13, '+243 83 6341226', 'Contact 505 / +243 84 827004', 1),
(506, 'Nom506', 'Post506', 'Pre506', 'M', 'Avenue 80', 226, '+243 88 4169720', 'Contact 506 / +243 87 2397280', 1),
(507, 'Nom507', 'Post507', 'Pre507', 'M', 'Avenue 178', 16, '+243 85 4973205', 'Contact 507 / +243 81 1101200', 1),
(508, 'Nom508', 'Post508', 'Pre508', 'M', 'Avenue 70', 120, '+243 85 8204589', 'Contact 508 / +243 88 3433746', 1),
(509, 'Nom509', 'Post509', 'Pre509', 'M', 'Avenue 8', 333, '+243 84 2933704', 'Contact 509 / +243 83 131889', 1),
(510, 'Nom510', 'Post510', 'Pre510', 'F', 'Avenue 68', 34, '+243 84 7366823', 'Contact 510 / +243 88 6644768', 1),
(511, 'Nom511', 'Post511', 'Pre511', 'M', 'Avenue 132', 286, '+243 89 2110416', 'Contact 511 / +243 84 3955487', 1),
(512, 'Nom512', 'Post512', 'Pre512', 'F', 'Avenue 48', 171, '+243 86 5693282', 'Contact 512 / +243 83 7494653', 1),
(513, 'Nom513', 'Post513', 'Pre513', 'M', 'Avenue 25', 98, '+243 89 8607175', 'Contact 513 / +243 89 6858521', 1),
(514, 'Nom514', 'Post514', 'Pre514', 'M', 'Avenue 174', 97, '+243 87 6714449', 'Contact 514 / +243 86 7128183', 1),
(515, 'Nom515', 'Post515', 'Pre515', 'M', 'Avenue 66', 90, '+243 82 3169458', 'Contact 515 / +243 81 4480612', 1),
(516, 'Nom516', 'Post516', 'Pre516', 'M', 'Avenue 57', 359, '+243 80 1580455', 'Contact 516 / +243 88 4796691', 1),
(517, 'Nom517', 'Post517', 'Pre517', 'M', 'Avenue 109', 16, '+243 85 6737397', 'Contact 517 / +243 80 7560714', 1),
(518, 'Nom518', 'Post518', 'Pre518', 'M', 'Avenue 44', 247, '+243 86 4186459', 'Contact 518 / +243 82 6953031', 1),
(519, 'Nom519', 'Post519', 'Pre519', 'M', 'Avenue 98', 357, '+243 83 590284', 'Contact 519 / +243 81 4247656', 1),
(520, 'Nom520', 'Post520', 'Pre520', 'F', 'Avenue 75', 4, '+243 89 4933241', 'Contact 520 / +243 89 2984197', 1),
(521, 'Nom521', 'Post521', 'Pre521', 'F', 'Avenue 73', 299, '+243 89 4213489', 'Contact 521 / +243 83 4897205', 1),
(522, 'Nom522', 'Post522', 'Pre522', 'F', 'Avenue 25', 356, '+243 84 4337408', 'Contact 522 / +243 89 3775285', 1),
(523, 'Nom523', 'Post523', 'Pre523', 'M', 'Avenue 126', 231, '+243 82 3048039', 'Contact 523 / +243 89 6999580', 1),
(524, 'Nom524', 'Post524', 'Pre524', 'M', 'Avenue 145', 223, '+243 88 3799192', 'Contact 524 / +243 85 5014162', 1),
(525, 'Nom525', 'Post525', 'Pre525', 'M', 'Avenue 157', 241, '+243 89 5885857', 'Contact 525 / +243 84 4636662', 1),
(526, 'Nom526', 'Post526', 'Pre526', 'M', 'Avenue 180', 90, '+243 85 7521032', 'Contact 526 / +243 86 6108162', 1),
(527, 'Nom527', 'Post527', 'Pre527', 'M', 'Avenue 74', 156, '+243 89 6438769', 'Contact 527 / +243 85 7003393', 1),
(528, 'Nom528', 'Post528', 'Pre528', 'M', 'Avenue 69', 119, '+243 85 8116943', 'Contact 528 / +243 87 2101443', 1),
(529, 'Nom529', 'Post529', 'Pre529', 'F', 'Avenue 63', 68, '+243 89 2553524', 'Contact 529 / +243 85 6512441', 1),
(530, 'Nom530', 'Post530', 'Pre530', 'M', 'Avenue 38', 277, '+243 81 6240064', 'Contact 530 / +243 88 3377484', 1),
(531, 'Nom531', 'Post531', 'Pre531', 'M', 'Avenue 178', 308, '+243 85 1403633', 'Contact 531 / +243 81 3523413', 1),
(532, 'Nom532', 'Post532', 'Pre532', 'M', 'Avenue 6', 311, '+243 81 1206376', 'Contact 532 / +243 82 8239467', 1),
(533, 'Nom533', 'Post533', 'Pre533', 'F', 'Avenue 37', 213, '+243 83 8363943', 'Contact 533 / +243 86 3971130', 1),
(534, 'Nom534', 'Post534', 'Pre534', 'M', 'Avenue 3', 107, '+243 84 1138902', 'Contact 534 / +243 84 7002409', 1),
(535, 'Nom535', 'Post535', 'Pre535', 'F', 'Avenue 128', 159, '+243 82 7789419', 'Contact 535 / +243 86 4929948', 1),
(536, 'Nom536', 'Post536', 'Pre536', 'F', 'Avenue 123', 196, '+243 88 4329666', 'Contact 536 / +243 89 2984542', 1),
(537, 'Nom537', 'Post537', 'Pre537', 'F', 'Avenue 194', 175, '+243 84 8088381', 'Contact 537 / +243 80 7151828', 1),
(538, 'Nom538', 'Post538', 'Pre538', 'F', 'Avenue 1', 5, '+243 80 1292538', 'Contact 538 / +243 86 5481469', 1),
(539, 'Nom539', 'Post539', 'Pre539', 'M', 'Avenue 55', 269, '+243 88 8467828', 'Contact 539 / +243 82 2491154', 1),
(540, 'Nom540', 'Post540', 'Pre540', 'F', 'Avenue 158', 287, '+243 85 3287034', 'Contact 540 / +243 81 7999909', 1),
(541, 'Nom541', 'Post541', 'Pre541', 'F', 'Avenue 120', 164, '+243 84 7348767', 'Contact 541 / +243 87 4391996', 1),
(542, 'Nom542', 'Post542', 'Pre542', 'M', 'Avenue 184', 141, '+243 81 5356204', 'Contact 542 / +243 85 7680346', 1),
(543, 'Nom543', 'Post543', 'Pre543', 'F', 'Avenue 171', 88, '+243 86 3415772', 'Contact 543 / +243 80 579524', 1),
(544, 'Nom544', 'Post544', 'Pre544', 'M', 'Avenue 161', 161, '+243 87 4656483', 'Contact 544 / +243 82 8008384', 1),
(545, 'Nom545', 'Post545', 'Pre545', 'F', 'Avenue 50', 183, '+243 87 1995500', 'Contact 545 / +243 88 6512816', 1),
(546, 'Nom546', 'Post546', 'Pre546', 'F', 'Avenue 150', 298, '+243 88 5424836', 'Contact 546 / +243 85 1132561', 1),
(547, 'Nom547', 'Post547', 'Pre547', 'F', 'Avenue 193', 83, '+243 82 4013513', 'Contact 547 / +243 85 4076479', 1),
(548, 'Nom548', 'Post548', 'Pre548', 'F', 'Avenue 118', 70, '+243 81 2886749', 'Contact 548 / +243 80 3360472', 1),
(549, 'Nom549', 'Post549', 'Pre549', 'F', 'Avenue 41', 16, '+243 85 7146388', 'Contact 549 / +243 82 6439182', 1),
(550, 'Nom550', 'Post550', 'Pre550', 'F', 'Avenue 89', 177, '+243 80 7814383', 'Contact 550 / +243 81 1520103', 1),
(551, 'Nom551', 'Post551', 'Pre551', 'M', 'Avenue 78', 305, '+243 89 3599813', 'Contact 551 / +243 80 942458', 1),
(552, 'Nom552', 'Post552', 'Pre552', 'M', 'Avenue 77', 340, '+243 84 4865017', 'Contact 552 / +243 83 8370883', 1),
(553, 'Nom553', 'Post553', 'Pre553', 'F', 'Avenue 161', 321, '+243 89 1514671', 'Contact 553 / +243 89 2826374', 1),
(554, 'Nom554', 'Post554', 'Pre554', 'F', 'Avenue 90', 83, '+243 87 1324981', 'Contact 554 / +243 84 7026995', 1),
(555, 'Nom555', 'Post555', 'Pre555', 'F', 'Avenue 101', 307, '+243 86 7036762', 'Contact 555 / +243 89 2847438', 1),
(556, 'Nom556', 'Post556', 'Pre556', 'F', 'Avenue 194', 190, '+243 86 7065595', 'Contact 556 / +243 89 2264356', 1),
(557, 'Nom557', 'Post557', 'Pre557', 'M', 'Avenue 142', 34, '+243 83 2702676', 'Contact 557 / +243 85 7909962', 1),
(558, 'Nom558', 'Post558', 'Pre558', 'F', 'Avenue 199', 294, '+243 80 6118569', 'Contact 558 / +243 83 6372433', 1),
(559, 'Nom559', 'Post559', 'Pre559', 'M', 'Avenue 66', 72, '+243 89 2797503', 'Contact 559 / +243 86 1224920', 1),
(560, 'Nom560', 'Post560', 'Pre560', 'F', 'Avenue 157', 156, '+243 87 4541892', 'Contact 560 / +243 82 6940045', 1),
(561, 'Nom561', 'Post561', 'Pre561', 'M', 'Avenue 21', 108, '+243 81 7250846', 'Contact 561 / +243 86 6035468', 1),
(562, 'Nom562', 'Post562', 'Pre562', 'F', 'Avenue 98', 349, '+243 82 5248119', 'Contact 562 / +243 80 4603715', 1),
(563, 'Nom563', 'Post563', 'Pre563', 'M', 'Avenue 94', 56, '+243 83 2321555', 'Contact 563 / +243 82 4884179', 1),
(564, 'Nom564', 'Post564', 'Pre564', 'F', 'Avenue 197', 65, '+243 89 448736', 'Contact 564 / +243 85 3195612', 1),
(565, 'Nom565', 'Post565', 'Pre565', 'M', 'Avenue 59', 246, '+243 84 2515142', 'Contact 565 / +243 80 2507348', 1),
(566, 'Nom566', 'Post566', 'Pre566', 'M', 'Avenue 155', 338, '+243 82 5582682', 'Contact 566 / +243 82 4357533', 1),
(567, 'Nom567', 'Post567', 'Pre567', 'F', 'Avenue 123', 89, '+243 83 548604', 'Contact 567 / +243 82 8875738', 1),
(568, 'Nom568', 'Post568', 'Pre568', 'M', 'Avenue 37', 94, '+243 87 7311649', 'Contact 568 / +243 89 1124944', 1),
(569, 'Nom569', 'Post569', 'Pre569', 'F', 'Avenue 12', 240, '+243 80 3804032', 'Contact 569 / +243 88 1364624', 1),
(570, 'Nom570', 'Post570', 'Pre570', 'M', 'Avenue 15', 24, '+243 80 2532064', 'Contact 570 / +243 81 6829597', 1),
(571, 'Nom571', 'Post571', 'Pre571', 'M', 'Avenue 177', 49, '+243 80 5602225', 'Contact 571 / +243 81 5720528', 1),
(572, 'Nom572', 'Post572', 'Pre572', 'F', 'Avenue 94', 273, '+243 82 2154157', 'Contact 572 / +243 83 7709026', 1),
(573, 'Nom573', 'Post573', 'Pre573', 'M', 'Avenue 24', 216, '+243 85 1201466', 'Contact 573 / +243 89 2183969', 1),
(574, 'Nom574', 'Post574', 'Pre574', 'M', 'Avenue 81', 280, '+243 85 5919935', 'Contact 574 / +243 85 5643404', 1),
(575, 'Nom575', 'Post575', 'Pre575', 'F', 'Avenue 198', 90, '+243 82 4243738', 'Contact 575 / +243 86 6821759', 1),
(576, 'Nom576', 'Post576', 'Pre576', 'F', 'Avenue 31', 48, '+243 81 4396480', 'Contact 576 / +243 89 1022282', 1),
(577, 'Nom577', 'Post577', 'Pre577', 'F', 'Avenue 152', 127, '+243 84 1860439', 'Contact 577 / +243 86 7249469', 1),
(578, 'Nom578', 'Post578', 'Pre578', 'F', 'Avenue 88', 112, '+243 81 192188', 'Contact 578 / +243 85 6052182', 1),
(579, 'Nom579', 'Post579', 'Pre579', 'F', 'Avenue 116', 279, '+243 80 8946009', 'Contact 579 / +243 88 253617', 1),
(580, 'Nom580', 'Post580', 'Pre580', 'F', 'Avenue 117', 272, '+243 89 4477172', 'Contact 580 / +243 86 6910726', 1),
(581, 'Nom581', 'Post581', 'Pre581', 'F', 'Avenue 22', 334, '+243 82 3291872', 'Contact 581 / +243 81 6733058', 1),
(582, 'Nom582', 'Post582', 'Pre582', 'M', 'Avenue 184', 334, '+243 87 2013666', 'Contact 582 / +243 87 405453', 1),
(583, 'Nom583', 'Post583', 'Pre583', 'F', 'Avenue 168', 83, '+243 85 2838286', 'Contact 583 / +243 87 8703474', 1),
(584, 'Nom584', 'Post584', 'Pre584', 'M', 'Avenue 107', 80, '+243 84 6536328', 'Contact 584 / +243 82 7657445', 1),
(585, 'Nom585', 'Post585', 'Pre585', 'F', 'Avenue 125', 88, '+243 83 7121781', 'Contact 585 / +243 80 8050024', 1),
(586, 'Nom586', 'Post586', 'Pre586', 'M', 'Avenue 174', 158, '+243 85 3312002', 'Contact 586 / +243 82 1102725', 1),
(587, 'Nom587', 'Post587', 'Pre587', 'F', 'Avenue 3', 165, '+243 82 5892628', 'Contact 587 / +243 86 3530729', 1),
(588, 'Nom588', 'Post588', 'Pre588', 'F', 'Avenue 112', 353, '+243 81 6889620', 'Contact 588 / +243 84 7912627', 1),
(589, 'Nom589', 'Post589', 'Pre589', 'M', 'Avenue 162', 294, '+243 85 3927523', 'Contact 589 / +243 84 607082', 1),
(590, 'Nom590', 'Post590', 'Pre590', 'F', 'Avenue 70', 14, '+243 81 4443858', 'Contact 590 / +243 81 468794', 1),
(591, 'Nom591', 'Post591', 'Pre591', 'F', 'Avenue 109', 333, '+243 89 7068314', 'Contact 591 / +243 82 6762249', 1),
(592, 'Nom592', 'Post592', 'Pre592', 'M', 'Avenue 41', 279, '+243 81 5609611', 'Contact 592 / +243 85 8961989', 1),
(593, 'Nom593', 'Post593', 'Pre593', 'M', 'Avenue 62', 283, '+243 89 3033785', 'Contact 593 / +243 88 4090563', 1),
(594, 'Nom594', 'Post594', 'Pre594', 'F', 'Avenue 120', 85, '+243 83 295325', 'Contact 594 / +243 81 4979139', 1),
(595, 'Nom595', 'Post595', 'Pre595', 'M', 'Avenue 43', 350, '+243 81 6986404', 'Contact 595 / +243 84 1353018', 1),
(596, 'Nom596', 'Post596', 'Pre596', 'M', 'Avenue 173', 204, '+243 81 1891798', 'Contact 596 / +243 85 8806039', 1),
(597, 'Nom597', 'Post597', 'Pre597', 'M', 'Avenue 139', 188, '+243 84 7286269', 'Contact 597 / +243 86 6869387', 1),
(598, 'Nom598', 'Post598', 'Pre598', 'F', 'Avenue 43', 138, '+243 82 222699', 'Contact 598 / +243 84 814664', 1),
(599, 'Nom599', 'Post599', 'Pre599', 'M', 'Avenue 99', 9, '+243 86 740020', 'Contact 599 / +243 85 3074225', 1),
(600, 'Nom600', 'Post600', 'Pre600', 'M', 'Avenue 150', 105, '+243 81 219610', 'Contact 600 / +243 85 8070729', 1),
(601, 'Nom601', 'Post601', 'Pre601', 'F', 'Avenue 163', 362, '+243 84 4049137', 'Contact 601 / +243 88 5931999', 1),
(602, 'Nom602', 'Post602', 'Pre602', 'F', 'Avenue 94', 256, '+243 80 2431084', 'Contact 602 / +243 81 7565337', 1),
(603, 'Nom603', 'Post603', 'Pre603', 'F', 'Avenue 108', 97, '+243 86 6295515', 'Contact 603 / +243 84 8251972', 1),
(604, 'Nom604', 'Post604', 'Pre604', 'M', 'Avenue 25', 184, '+243 81 1278784', 'Contact 604 / +243 83 1716609', 1),
(605, 'Nom605', 'Post605', 'Pre605', 'F', 'Avenue 69', 284, '+243 88 7936048', 'Contact 605 / +243 88 6975590', 1),
(606, 'Nom606', 'Post606', 'Pre606', 'M', 'Avenue 158', 104, '+243 80 3110068', 'Contact 606 / +243 86 269462', 1),
(607, 'Nom607', 'Post607', 'Pre607', 'M', 'Avenue 91', 134, '+243 84 1295214', 'Contact 607 / +243 83 4059321', 1),
(608, 'Nom608', 'Post608', 'Pre608', 'M', 'Avenue 54', 365, '+243 81 7111546', 'Contact 608 / +243 84 461289', 1),
(609, 'Nom609', 'Post609', 'Pre609', 'F', 'Avenue 172', 331, '+243 89 8148337', 'Contact 609 / +243 87 772350', 1),
(610, 'Nom610', 'Post610', 'Pre610', 'M', 'Avenue 96', 354, '+243 83 396848', 'Contact 610 / +243 80 1202769', 1),
(611, 'Nom611', 'Post611', 'Pre611', 'F', 'Avenue 28', 68, '+243 85 8555208', 'Contact 611 / +243 82 3506682', 1),
(612, 'Nom612', 'Post612', 'Pre612', 'M', 'Avenue 169', 231, '+243 86 1077062', 'Contact 612 / +243 87 5520721', 1),
(613, 'Nom613', 'Post613', 'Pre613', 'F', 'Avenue 115', 307, '+243 84 6951772', 'Contact 613 / +243 84 1193389', 1),
(614, 'Nom614', 'Post614', 'Pre614', 'M', 'Avenue 113', 95, '+243 85 1613782', 'Contact 614 / +243 81 699767', 1),
(615, 'Nom615', 'Post615', 'Pre615', 'M', 'Avenue 172', 95, '+243 87 6801260', 'Contact 615 / +243 86 207172', 1),
(616, 'Nom616', 'Post616', 'Pre616', 'M', 'Avenue 127', 278, '+243 88 1095777', 'Contact 616 / +243 89 4468481', 1),
(617, 'Nom617', 'Post617', 'Pre617', 'F', 'Avenue 67', 364, '+243 89 6850260', 'Contact 617 / +243 89 4794189', 1),
(618, 'Nom618', 'Post618', 'Pre618', 'F', 'Avenue 54', 12, '+243 83 5918115', 'Contact 618 / +243 82 1794493', 1),
(619, 'Nom619', 'Post619', 'Pre619', 'M', 'Avenue 174', 173, '+243 87 2623799', 'Contact 619 / +243 82 2762162', 1),
(620, 'Nom620', 'Post620', 'Pre620', 'F', 'Avenue 41', 206, '+243 81 1930718', 'Contact 620 / +243 85 301473', 1),
(621, 'Nom621', 'Post621', 'Pre621', 'F', 'Avenue 141', 310, '+243 81 16726', 'Contact 621 / +243 86 3881119', 1),
(622, 'Nom622', 'Post622', 'Pre622', 'M', 'Avenue 35', 221, '+243 84 5229898', 'Contact 622 / +243 84 5649048', 1),
(623, 'Nom623', 'Post623', 'Pre623', 'F', 'Avenue 139', 122, '+243 85 7797619', 'Contact 623 / +243 86 4261086', 1),
(624, 'Nom624', 'Post624', 'Pre624', 'F', 'Avenue 39', 154, '+243 85 2233324', 'Contact 624 / +243 87 8493266', 1),
(625, 'Nom625', 'Post625', 'Pre625', 'F', 'Avenue 139', 355, '+243 87 7528099', 'Contact 625 / +243 89 1647877', 1),
(626, 'Nom626', 'Post626', 'Pre626', 'M', 'Avenue 190', 167, '+243 84 6487888', 'Contact 626 / +243 83 5517386', 1),
(627, 'Nom627', 'Post627', 'Pre627', 'F', 'Avenue 31', 293, '+243 85 1850967', 'Contact 627 / +243 84 6351476', 1),
(628, 'Nom628', 'Post628', 'Pre628', 'M', 'Avenue 111', 141, '+243 82 663974', 'Contact 628 / +243 86 8543371', 1),
(629, 'Nom629', 'Post629', 'Pre629', 'F', 'Avenue 74', 121, '+243 85 5772537', 'Contact 629 / +243 86 2088577', 1),
(630, 'Nom630', 'Post630', 'Pre630', 'M', 'Avenue 127', 141, '+243 80 8018220', 'Contact 630 / +243 84 4267394', 1),
(631, 'Nom631', 'Post631', 'Pre631', 'M', 'Avenue 198', 259, '+243 85 5981616', 'Contact 631 / +243 86 2488752', 1),
(632, 'Nom632', 'Post632', 'Pre632', 'M', 'Avenue 54', 37, '+243 86 1198647', 'Contact 632 / +243 86 5602754', 1),
(633, 'Nom633', 'Post633', 'Pre633', 'M', 'Avenue 125', 92, '+243 83 287960', 'Contact 633 / +243 80 3321225', 1),
(634, 'Nom634', 'Post634', 'Pre634', 'F', 'Avenue 144', 337, '+243 84 3332026', 'Contact 634 / +243 85 6851217', 1),
(635, 'Nom635', 'Post635', 'Pre635', 'M', 'Avenue 26', 150, '+243 86 215754', 'Contact 635 / +243 81 6967431', 1),
(636, 'Nom636', 'Post636', 'Pre636', 'M', 'Avenue 98', 138, '+243 84 8033643', 'Contact 636 / +243 82 5110885', 1),
(637, 'Nom637', 'Post637', 'Pre637', 'M', 'Avenue 151', 185, '+243 82 6779619', 'Contact 637 / +243 80 6969035', 1),
(638, 'Nom638', 'Post638', 'Pre638', 'F', 'Avenue 186', 41, '+243 87 3945192', 'Contact 638 / +243 89 3011165', 1),
(639, 'Nom639', 'Post639', 'Pre639', 'F', 'Avenue 82', 150, '+243 88 7460207', 'Contact 639 / +243 87 590679', 1),
(640, 'Nom640', 'Post640', 'Pre640', 'M', 'Avenue 157', 126, '+243 83 6839152', 'Contact 640 / +243 87 3103237', 1),
(641, 'Nom641', 'Post641', 'Pre641', 'F', 'Avenue 142', 335, '+243 84 3580337', 'Contact 641 / +243 87 3096485', 1),
(642, 'Nom642', 'Post642', 'Pre642', 'F', 'Avenue 191', 363, '+243 80 3892317', 'Contact 642 / +243 89 2753774', 1),
(643, 'Nom643', 'Post643', 'Pre643', 'F', 'Avenue 184', 111, '+243 87 7542570', 'Contact 643 / +243 89 1802092', 1),
(644, 'Nom644', 'Post644', 'Pre644', 'M', 'Avenue 52', 290, '+243 81 4408805', 'Contact 644 / +243 89 1638972', 1),
(645, 'Nom645', 'Post645', 'Pre645', 'M', 'Avenue 10', 329, '+243 83 8825838', 'Contact 645 / +243 88 4977318', 1),
(646, 'Nom646', 'Post646', 'Pre646', 'M', 'Avenue 136', 75, '+243 89 2465367', 'Contact 646 / +243 84 3268419', 1),
(647, 'Nom647', 'Post647', 'Pre647', 'F', 'Avenue 86', 242, '+243 89 8745263', 'Contact 647 / +243 88 4806245', 1),
(648, 'Nom648', 'Post648', 'Pre648', 'M', 'Avenue 80', 2, '+243 88 676267', 'Contact 648 / +243 89 3503152', 1),
(649, 'Nom649', 'Post649', 'Pre649', 'M', 'Avenue 143', 24, '+243 81 5607343', 'Contact 649 / +243 86 2340065', 1),
(650, 'Nom650', 'Post650', 'Pre650', 'M', 'Avenue 66', 146, '+243 89 6537070', 'Contact 650 / +243 86 2105281', 1),
(651, 'Nom651', 'Post651', 'Pre651', 'M', 'Avenue 181', 63, '+243 81 1468123', 'Contact 651 / +243 84 4998013', 1),
(652, 'Nom652', 'Post652', 'Pre652', 'F', 'Avenue 16', 281, '+243 85 5558223', 'Contact 652 / +243 83 7508171', 1),
(653, 'Nom653', 'Post653', 'Pre653', 'M', 'Avenue 58', 361, '+243 80 2513001', 'Contact 653 / +243 82 3981747', 1),
(654, 'Nom654', 'Post654', 'Pre654', 'M', 'Avenue 178', 49, '+243 89 4683360', 'Contact 654 / +243 86 6254939', 1),
(655, 'Nom655', 'Post655', 'Pre655', 'F', 'Avenue 104', 16, '+243 86 1241171', 'Contact 655 / +243 87 2045580', 1),
(656, 'Nom656', 'Post656', 'Pre656', 'F', 'Avenue 15', 195, '+243 84 4685492', 'Contact 656 / +243 83 1021652', 1),
(657, 'Nom657', 'Post657', 'Pre657', 'F', 'Avenue 94', 246, '+243 89 5935740', 'Contact 657 / +243 84 4547808', 1),
(658, 'Nom658', 'Post658', 'Pre658', 'M', 'Avenue 133', 80, '+243 80 7219723', 'Contact 658 / +243 87 2575500', 1),
(659, 'Nom659', 'Post659', 'Pre659', 'M', 'Avenue 43', 162, '+243 85 4093044', 'Contact 659 / +243 86 5993632', 1),
(660, 'Nom660', 'Post660', 'Pre660', 'F', 'Avenue 112', 98, '+243 86 4055822', 'Contact 660 / +243 83 1509734', 1),
(661, 'Nom661', 'Post661', 'Pre661', 'F', 'Avenue 26', 321, '+243 89 2747392', 'Contact 661 / +243 85 8229043', 1),
(662, 'Nom662', 'Post662', 'Pre662', 'F', 'Avenue 125', 185, '+243 86 6479039', 'Contact 662 / +243 86 1250568', 1),
(663, 'Nom663', 'Post663', 'Pre663', 'F', 'Avenue 32', 242, '+243 88 641424', 'Contact 663 / +243 89 3848575', 1),
(664, 'Nom664', 'Post664', 'Pre664', 'M', 'Avenue 96', 131, '+243 83 5436310', 'Contact 664 / +243 80 2372041', 1),
(665, 'Nom665', 'Post665', 'Pre665', 'M', 'Avenue 114', 15, '+243 84 2682150', 'Contact 665 / +243 80 2765031', 1),
(666, 'Nom666', 'Post666', 'Pre666', 'M', 'Avenue 31', 194, '+243 81 2916944', 'Contact 666 / +243 80 3524481', 1),
(667, 'Nom667', 'Post667', 'Pre667', 'F', 'Avenue 104', 147, '+243 84 8324635', 'Contact 667 / +243 83 8844068', 1),
(668, 'Nom668', 'Post668', 'Pre668', 'F', 'Avenue 69', 57, '+243 87 1829951', 'Contact 668 / +243 88 4265715', 1),
(669, 'Nom669', 'Post669', 'Pre669', 'F', 'Avenue 35', 44, '+243 80 8843611', 'Contact 669 / +243 87 5402991', 1),
(670, 'Nom670', 'Post670', 'Pre670', 'F', 'Avenue 112', 72, '+243 82 7704141', 'Contact 670 / +243 84 4559495', 1),
(671, 'Nom671', 'Post671', 'Pre671', 'M', 'Avenue 184', 272, '+243 89 4623470', 'Contact 671 / +243 87 701113', 1),
(672, 'Nom672', 'Post672', 'Pre672', 'M', 'Avenue 171', 231, '+243 85 8908167', 'Contact 672 / +243 82 1300004', 1),
(673, 'Nom673', 'Post673', 'Pre673', 'M', 'Avenue 167', 8, '+243 85 7994412', 'Contact 673 / +243 86 6301176', 1),
(674, 'Nom674', 'Post674', 'Pre674', 'M', 'Avenue 61', 35, '+243 85 4276205', 'Contact 674 / +243 87 1530020', 1),
(675, 'Nom675', 'Post675', 'Pre675', 'F', 'Avenue 190', 253, '+243 85 8026415', 'Contact 675 / +243 86 6540522', 1),
(676, 'Nom676', 'Post676', 'Pre676', 'F', 'Avenue 156', 48, '+243 83 1228799', 'Contact 676 / +243 87 3828770', 1),
(677, 'Nom677', 'Post677', 'Pre677', 'F', 'Avenue 170', 291, '+243 84 5614233', 'Contact 677 / +243 89 6473429', 1),
(678, 'Nom678', 'Post678', 'Pre678', 'F', 'Avenue 10', 269, '+243 85 3257673', 'Contact 678 / +243 82 2469804', 1),
(679, 'Nom679', 'Post679', 'Pre679', 'F', 'Avenue 191', 42, '+243 87 1467270', 'Contact 679 / +243 87 642611', 1),
(680, 'Nom680', 'Post680', 'Pre680', 'M', 'Avenue 177', 288, '+243 82 8294699', 'Contact 680 / +243 88 4043986', 1),
(681, 'Nom681', 'Post681', 'Pre681', 'F', 'Avenue 48', 22, '+243 85 5863824', 'Contact 681 / +243 85 7660891', 1),
(682, 'Nom682', 'Post682', 'Pre682', 'F', 'Avenue 61', 304, '+243 82 5238854', 'Contact 682 / +243 82 5456875', 1),
(683, 'Nom683', 'Post683', 'Pre683', 'M', 'Avenue 56', 274, '+243 88 1739137', 'Contact 683 / +243 83 8619522', 1),
(684, 'Nom684', 'Post684', 'Pre684', 'F', 'Avenue 91', 253, '+243 80 2776591', 'Contact 684 / +243 83 5890973', 1),
(685, 'Nom685', 'Post685', 'Pre685', 'M', 'Avenue 131', 120, '+243 86 2342566', 'Contact 685 / +243 83 150911', 1),
(686, 'Nom686', 'Post686', 'Pre686', 'M', 'Avenue 195', 317, '+243 83 3373976', 'Contact 686 / +243 86 3094794', 1),
(687, 'Nom687', 'Post687', 'Pre687', 'F', 'Avenue 31', 324, '+243 89 254179', 'Contact 687 / +243 83 5326965', 1),
(688, 'Nom688', 'Post688', 'Pre688', 'F', 'Avenue 198', 36, '+243 85 2495594', 'Contact 688 / +243 88 3493579', 1),
(689, 'Nom689', 'Post689', 'Pre689', 'M', 'Avenue 175', 64, '+243 82 5318573', 'Contact 689 / +243 82 6109687', 1),
(690, 'Nom690', 'Post690', 'Pre690', 'F', 'Avenue 115', 121, '+243 89 4798716', 'Contact 690 / +243 89 1563355', 1),
(691, 'Nom691', 'Post691', 'Pre691', 'M', 'Avenue 100', 182, '+243 89 3243579', 'Contact 691 / +243 88 3548056', 1),
(692, 'Nom692', 'Post692', 'Pre692', 'M', 'Avenue 49', 138, '+243 81 5162403', 'Contact 692 / +243 84 4618571', 1),
(693, 'Nom693', 'Post693', 'Pre693', 'M', 'Avenue 117', 97, '+243 85 8726628', 'Contact 693 / +243 81 494365', 1),
(694, 'Nom694', 'Post694', 'Pre694', 'F', 'Avenue 63', 182, '+243 85 1422336', 'Contact 694 / +243 82 4842796', 1),
(695, 'Nom695', 'Post695', 'Pre695', 'M', 'Avenue 160', 278, '+243 83 5776031', 'Contact 695 / +243 80 3398264', 1),
(696, 'Nom696', 'Post696', 'Pre696', 'F', 'Avenue 79', 320, '+243 81 1897173', 'Contact 696 / +243 85 1421527', 1),
(697, 'Nom697', 'Post697', 'Pre697', 'M', 'Avenue 20', 64, '+243 85 2146885', 'Contact 697 / +243 85 8814695', 1),
(698, 'Nom698', 'Post698', 'Pre698', 'M', 'Avenue 92', 172, '+243 89 3600470', 'Contact 698 / +243 81 3380214', 1),
(699, 'Nom699', 'Post699', 'Pre699', 'F', 'Avenue 107', 30, '+243 87 6606394', 'Contact 699 / +243 82 2015322', 1),
(700, 'Nom700', 'Post700', 'Pre700', 'M', 'Avenue 129', 165, '+243 83 1379850', 'Contact 700 / +243 88 7855733', 1),
(701, 'Nom701', 'Post701', 'Pre701', 'F', 'Avenue 40', 267, '+243 80 8648639', 'Contact 701 / +243 87 6311569', 1),
(702, 'Nom702', 'Post702', 'Pre702', 'M', 'Avenue 135', 114, '+243 85 6375095', 'Contact 702 / +243 89 5924306', 1),
(703, 'Nom703', 'Post703', 'Pre703', 'M', 'Avenue 26', 145, '+243 85 6409419', 'Contact 703 / +243 88 8788515', 1),
(704, 'Nom704', 'Post704', 'Pre704', 'M', 'Avenue 28', 175, '+243 89 2871853', 'Contact 704 / +243 87 6976781', 1),
(705, 'Nom705', 'Post705', 'Pre705', 'F', 'Avenue 171', 138, '+243 83 3574864', 'Contact 705 / +243 80 1544404', 1),
(706, 'Nom706', 'Post706', 'Pre706', 'F', 'Avenue 137', 186, '+243 84 7940528', 'Contact 706 / +243 89 1760810', 1),
(707, 'Nom707', 'Post707', 'Pre707', 'M', 'Avenue 155', 244, '+243 89 8906546', 'Contact 707 / +243 89 7320027', 1),
(708, 'Nom708', 'Post708', 'Pre708', 'M', 'Avenue 109', 53, '+243 80 8314055', 'Contact 708 / +243 84 2456010', 1),
(709, 'Nom709', 'Post709', 'Pre709', 'M', 'Avenue 174', 345, '+243 80 5665963', 'Contact 709 / +243 88 4467700', 1),
(710, 'Nom710', 'Post710', 'Pre710', 'F', 'Avenue 153', 102, '+243 80 5296864', 'Contact 710 / +243 86 6268700', 1),
(711, 'Nom711', 'Post711', 'Pre711', 'M', 'Avenue 187', 172, '+243 85 2422009', 'Contact 711 / +243 87 8003444', 1),
(712, 'Nom712', 'Post712', 'Pre712', 'M', 'Avenue 94', 251, '+243 80 8734481', 'Contact 712 / +243 88 2423085', 1),
(713, 'Nom713', 'Post713', 'Pre713', 'F', 'Avenue 76', 144, '+243 88 8081030', 'Contact 713 / +243 80 4832749', 1),
(714, 'Nom714', 'Post714', 'Pre714', 'F', 'Avenue 24', 355, '+243 84 4227935', 'Contact 714 / +243 89 1939771', 1),
(715, 'Nom715', 'Post715', 'Pre715', 'M', 'Avenue 173', 157, '+243 85 3571817', 'Contact 715 / +243 83 6240969', 1),
(716, 'Nom716', 'Post716', 'Pre716', 'M', 'Avenue 120', 3, '+243 82 1000354', 'Contact 716 / +243 88 400758', 1),
(717, 'Nom717', 'Post717', 'Pre717', 'F', 'Avenue 169', 162, '+243 86 127761', 'Contact 717 / +243 80 2715450', 1),
(718, 'Nom718', 'Post718', 'Pre718', 'M', 'Avenue 120', 44, '+243 87 4763967', 'Contact 718 / +243 83 8934612', 1),
(719, 'Nom719', 'Post719', 'Pre719', 'M', 'Avenue 19', 163, '+243 89 2730696', 'Contact 719 / +243 87 6899790', 1),
(720, 'Nom720', 'Post720', 'Pre720', 'F', 'Avenue 167', 109, '+243 89 8883659', 'Contact 720 / +243 80 784128', 1),
(721, 'Nom721', 'Post721', 'Pre721', 'M', 'Avenue 154', 234, '+243 88 4290884', 'Contact 721 / +243 87 2787661', 1),
(722, 'Nom722', 'Post722', 'Pre722', 'M', 'Avenue 118', 21, '+243 85 3042638', 'Contact 722 / +243 81 8205128', 1),
(723, 'Nom723', 'Post723', 'Pre723', 'M', 'Avenue 55', 142, '+243 81 3097027', 'Contact 723 / +243 84 424348', 1),
(724, 'Nom724', 'Post724', 'Pre724', 'F', 'Avenue 159', 11, '+243 87 6087366', 'Contact 724 / +243 81 5234836', 1),
(725, 'Nom725', 'Post725', 'Pre725', 'F', 'Avenue 192', 72, '+243 80 7364059', 'Contact 725 / +243 88 7167973', 1),
(726, 'Nom726', 'Post726', 'Pre726', 'M', 'Avenue 153', 201, '+243 84 4592295', 'Contact 726 / +243 82 6942223', 1),
(727, 'Nom727', 'Post727', 'Pre727', 'M', 'Avenue 12', 34, '+243 82 443201', 'Contact 727 / +243 84 1050288', 1),
(728, 'Nom728', 'Post728', 'Pre728', 'M', 'Avenue 154', 72, '+243 86 6281687', 'Contact 728 / +243 85 4486845', 1),
(729, 'Nom729', 'Post729', 'Pre729', 'F', 'Avenue 38', 52, '+243 81 2198619', 'Contact 729 / +243 88 3351177', 1),
(730, 'Nom730', 'Post730', 'Pre730', 'M', 'Avenue 175', 68, '+243 82 8270247', 'Contact 730 / +243 87 7185579', 1),
(731, 'Nom731', 'Post731', 'Pre731', 'F', 'Avenue 179', 337, '+243 89 6723458', 'Contact 731 / +243 80 8237827', 1),
(732, 'Nom732', 'Post732', 'Pre732', 'M', 'Avenue 133', 326, '+243 84 5004406', 'Contact 732 / +243 84 5035243', 1),
(733, 'Nom733', 'Post733', 'Pre733', 'M', 'Avenue 125', 273, '+243 88 136036', 'Contact 733 / +243 85 5208761', 1),
(734, 'Nom734', 'Post734', 'Pre734', 'M', 'Avenue 172', 126, '+243 81 5840361', 'Contact 734 / +243 88 2159936', 1),
(735, 'Nom735', 'Post735', 'Pre735', 'F', 'Avenue 143', 196, '+243 85 8565582', 'Contact 735 / +243 82 2505703', 1),
(736, 'Nom736', 'Post736', 'Pre736', 'F', 'Avenue 144', 178, '+243 82 7357752', 'Contact 736 / +243 83 1471466', 1),
(737, 'Nom737', 'Post737', 'Pre737', 'F', 'Avenue 149', 74, '+243 87 1505537', 'Contact 737 / +243 85 3414678', 1),
(738, 'Nom738', 'Post738', 'Pre738', 'M', 'Avenue 140', 5, '+243 89 6295390', 'Contact 738 / +243 86 1699666', 1),
(739, 'Nom739', 'Post739', 'Pre739', 'F', 'Avenue 58', 201, '+243 88 6048161', 'Contact 739 / +243 87 7497881', 1),
(740, 'Nom740', 'Post740', 'Pre740', 'F', 'Avenue 156', 123, '+243 83 6035517', 'Contact 740 / +243 83 6498894', 1),
(741, 'Nom741', 'Post741', 'Pre741', 'F', 'Avenue 136', 261, '+243 85 3478411', 'Contact 741 / +243 84 8461742', 1),
(742, 'Nom742', 'Post742', 'Pre742', 'M', 'Avenue 77', 221, '+243 88 4348752', 'Contact 742 / +243 88 6797286', 1),
(743, 'Nom743', 'Post743', 'Pre743', 'M', 'Avenue 0', 90, '+243 82 3418498', 'Contact 743 / +243 82 84568', 1),
(744, 'Nom744', 'Post744', 'Pre744', 'M', 'Avenue 152', 267, '+243 83 5388542', 'Contact 744 / +243 89 7476005', 1),
(745, 'Nom745', 'Post745', 'Pre745', 'M', 'Avenue 78', 308, '+243 80 4913370', 'Contact 745 / +243 86 7395139', 1),
(746, 'Nom746', 'Post746', 'Pre746', 'M', 'Avenue 139', 145, '+243 88 1854575', 'Contact 746 / +243 83 3260650', 1),
(747, 'Nom747', 'Post747', 'Pre747', 'F', 'Avenue 5', 101, '+243 82 5643594', 'Contact 747 / +243 82 3907706', 1),
(748, 'Nom748', 'Post748', 'Pre748', 'M', 'Avenue 121', 324, '+243 86 3397976', 'Contact 748 / +243 80 1885129', 1),
(749, 'Nom749', 'Post749', 'Pre749', 'F', 'Avenue 116', 141, '+243 81 6226092', 'Contact 749 / +243 89 6302619', 1),
(750, 'Nom750', 'Post750', 'Pre750', 'F', 'Avenue 15', 179, '+243 82 5098106', 'Contact 750 / +243 82 3254962', 1),
(751, 'Nom751', 'Post751', 'Pre751', 'M', 'Avenue 154', 129, '+243 84 1340357', 'Contact 751 / +243 84 5928474', 1),
(752, 'Nom752', 'Post752', 'Pre752', 'M', 'Avenue 35', 288, '+243 84 5896614', 'Contact 752 / +243 80 3396011', 1),
(753, 'Nom753', 'Post753', 'Pre753', 'F', 'Avenue 54', 118, '+243 87 8710906', 'Contact 753 / +243 84 4517213', 1),
(754, 'Nom754', 'Post754', 'Pre754', 'M', 'Avenue 165', 340, '+243 81 402929', 'Contact 754 / +243 87 4449811', 1),
(755, 'Nom755', 'Post755', 'Pre755', 'M', 'Avenue 198', 26, '+243 83 6247542', 'Contact 755 / +243 83 4956289', 1),
(756, 'Nom756', 'Post756', 'Pre756', 'F', 'Avenue 43', 278, '+243 81 3955325', 'Contact 756 / +243 87 4754990', 1),
(757, 'Nom757', 'Post757', 'Pre757', 'M', 'Avenue 16', 152, '+243 88 7798592', 'Contact 757 / +243 88 6626972', 1),
(758, 'Nom758', 'Post758', 'Pre758', 'M', 'Avenue 38', 263, '+243 80 8288813', 'Contact 758 / +243 85 328633', 1),
(759, 'Nom759', 'Post759', 'Pre759', 'F', 'Avenue 80', 189, '+243 83 2524381', 'Contact 759 / +243 83 6156126', 1),
(760, 'Nom760', 'Post760', 'Pre760', 'F', 'Avenue 94', 310, '+243 88 4618894', 'Contact 760 / +243 81 1308544', 1),
(761, 'Nom761', 'Post761', 'Pre761', 'M', 'Avenue 28', 282, '+243 84 7092045', 'Contact 761 / +243 86 372086', 1),
(762, 'Nom762', 'Post762', 'Pre762', 'M', 'Avenue 138', 358, '+243 88 798099', 'Contact 762 / +243 80 8038940', 1),
(763, 'Nom763', 'Post763', 'Pre763', 'M', 'Avenue 34', 276, '+243 82 8818110', 'Contact 763 / +243 81 7518933', 1),
(764, 'Nom764', 'Post764', 'Pre764', 'F', 'Avenue 11', 51, '+243 85 2083029', 'Contact 764 / +243 85 1313646', 1),
(765, 'Nom765', 'Post765', 'Pre765', 'M', 'Avenue 138', 137, '+243 88 7922344', 'Contact 765 / +243 89 3209870', 1),
(766, 'Nom766', 'Post766', 'Pre766', 'F', 'Avenue 170', 336, '+243 80 3039547', 'Contact 766 / +243 86 1568474', 1),
(767, 'Nom767', 'Post767', 'Pre767', 'F', 'Avenue 54', 177, '+243 85 4697020', 'Contact 767 / +243 88 5226988', 1),
(768, 'Nom768', 'Post768', 'Pre768', 'M', 'Avenue 67', 162, '+243 81 5651405', 'Contact 768 / +243 85 8685343', 1),
(769, 'Nom769', 'Post769', 'Pre769', 'M', 'Avenue 136', 28, '+243 83 3257127', 'Contact 769 / +243 88 1896172', 1),
(770, 'Nom770', 'Post770', 'Pre770', 'M', 'Avenue 149', 111, '+243 82 4246584', 'Contact 770 / +243 85 2162685', 1),
(771, 'Nom771', 'Post771', 'Pre771', 'F', 'Avenue 63', 283, '+243 88 1667602', 'Contact 771 / +243 82 5198270', 1),
(772, 'Nom772', 'Post772', 'Pre772', 'M', 'Avenue 61', 333, '+243 86 3611172', 'Contact 772 / +243 81 3979252', 1),
(773, 'Nom773', 'Post773', 'Pre773', 'F', 'Avenue 157', 175, '+243 80 6030198', 'Contact 773 / +243 82 3870181', 1),
(774, 'Nom774', 'Post774', 'Pre774', 'M', 'Avenue 28', 309, '+243 87 3945013', 'Contact 774 / +243 88 6690257', 1),
(775, 'Nom775', 'Post775', 'Pre775', 'M', 'Avenue 35', 18, '+243 87 3545927', 'Contact 775 / +243 88 407442', 1),
(776, 'Nom776', 'Post776', 'Pre776', 'F', 'Avenue 62', 184, '+243 85 2801809', 'Contact 776 / +243 88 3643175', 1),
(777, 'Nom777', 'Post777', 'Pre777', 'M', 'Avenue 177', 68, '+243 82 6461324', 'Contact 777 / +243 88 8824332', 1),
(778, 'Nom778', 'Post778', 'Pre778', 'M', 'Avenue 33', 210, '+243 83 907813', 'Contact 778 / +243 84 6790480', 1),
(779, 'Nom779', 'Post779', 'Pre779', 'F', 'Avenue 85', 192, '+243 83 929345', 'Contact 779 / +243 85 2250611', 1),
(780, 'Nom780', 'Post780', 'Pre780', 'F', 'Avenue 164', 354, '+243 83 8392985', 'Contact 780 / +243 85 184806', 1),
(781, 'Nom781', 'Post781', 'Pre781', 'M', 'Avenue 199', 275, '+243 87 4992508', 'Contact 781 / +243 84 7062899', 1),
(782, 'Nom782', 'Post782', 'Pre782', 'M', 'Avenue 183', 84, '+243 83 1983470', 'Contact 782 / +243 89 1309049', 1),
(783, 'Nom783', 'Post783', 'Pre783', 'F', 'Avenue 156', 136, '+243 85 4055695', 'Contact 783 / +243 87 2044706', 1),
(784, 'Nom784', 'Post784', 'Pre784', 'F', 'Avenue 52', 125, '+243 89 4910072', 'Contact 784 / +243 89 2828018', 1),
(785, 'Nom785', 'Post785', 'Pre785', 'F', 'Avenue 12', 183, '+243 83 722254', 'Contact 785 / +243 84 285063', 1),
(786, 'Nom786', 'Post786', 'Pre786', 'F', 'Avenue 175', 5, '+243 84 833178', 'Contact 786 / +243 81 5778274', 1),
(787, 'Nom787', 'Post787', 'Pre787', 'F', 'Avenue 73', 312, '+243 81 2389017', 'Contact 787 / +243 88 3370245', 1),
(788, 'Nom788', 'Post788', 'Pre788', 'M', 'Avenue 145', 191, '+243 84 4978435', 'Contact 788 / +243 84 7461733', 1),
(789, 'Nom789', 'Post789', 'Pre789', 'F', 'Avenue 154', 335, '+243 82 4417799', 'Contact 789 / +243 87 924185', 1),
(790, 'Nom790', 'Post790', 'Pre790', 'M', 'Avenue 106', 206, '+243 82 3187757', 'Contact 790 / +243 81 6085587', 1),
(791, 'Nom791', 'Post791', 'Pre791', 'F', 'Avenue 131', 178, '+243 84 7003711', 'Contact 791 / +243 85 3777792', 1),
(792, 'Nom792', 'Post792', 'Pre792', 'M', 'Avenue 194', 191, '+243 86 7712968', 'Contact 792 / +243 82 5457922', 1),
(793, 'Nom793', 'Post793', 'Pre793', 'M', 'Avenue 161', 26, '+243 89 3482523', 'Contact 793 / +243 81 6547127', 1),
(794, 'Nom794', 'Post794', 'Pre794', 'M', 'Avenue 67', 141, '+243 88 3046429', 'Contact 794 / +243 89 8857832', 1),
(795, 'Nom795', 'Post795', 'Pre795', 'F', 'Avenue 130', 185, '+243 85 2492224', 'Contact 795 / +243 87 6563202', 1),
(796, 'Nom796', 'Post796', 'Pre796', 'F', 'Avenue 72', 105, '+243 83 7650922', 'Contact 796 / +243 82 5166623', 1),
(797, 'Nom797', 'Post797', 'Pre797', 'M', 'Avenue 51', 255, '+243 87 3959152', 'Contact 797 / +243 80 944299', 1),
(798, 'Nom798', 'Post798', 'Pre798', 'M', 'Avenue 6', 133, '+243 87 4108012', 'Contact 798 / +243 81 3700874', 1),
(799, 'Nom799', 'Post799', 'Pre799', 'F', 'Avenue 140', 279, '+243 86 1626147', 'Contact 799 / +243 88 5208440', 1),
(800, 'Nom800', 'Post800', 'Pre800', 'M', 'Avenue 73', 214, '+243 88 2734395', 'Contact 800 / +243 80 4658485', 1),
(801, 'Nom801', 'Post801', 'Pre801', 'M', 'Avenue 20', 187, '+243 82 6280120', 'Contact 801 / +243 87 6083854', 1),
(802, 'Nom802', 'Post802', 'Pre802', 'M', 'Avenue 112', 170, '+243 86 6581973', 'Contact 802 / +243 87 6558451', 1),
(803, 'Nom803', 'Post803', 'Pre803', 'M', 'Avenue 52', 165, '+243 84 8180964', 'Contact 803 / +243 81 2122080', 1),
(804, 'Nom804', 'Post804', 'Pre804', 'F', 'Avenue 59', 253, '+243 85 6477131', 'Contact 804 / +243 89 4085545', 1),
(805, 'Nom805', 'Post805', 'Pre805', 'F', 'Avenue 29', 86, '+243 87 8303534', 'Contact 805 / +243 84 3837978', 1),
(806, 'Nom806', 'Post806', 'Pre806', 'F', 'Avenue 159', 201, '+243 83 540563', 'Contact 806 / +243 82 1930431', 1),
(807, 'Nom807', 'Post807', 'Pre807', 'M', 'Avenue 106', 354, '+243 82 2268617', 'Contact 807 / +243 85 776940', 1),
(808, 'Nom808', 'Post808', 'Pre808', 'F', 'Avenue 74', 249, '+243 82 3397897', 'Contact 808 / +243 80 511723', 1),
(809, 'Nom809', 'Post809', 'Pre809', 'M', 'Avenue 136', 330, '+243 84 5125345', 'Contact 809 / +243 84 6460874', 1),
(810, 'Nom810', 'Post810', 'Pre810', 'M', 'Avenue 102', 63, '+243 83 361821', 'Contact 810 / +243 82 2051620', 1),
(811, 'Nom811', 'Post811', 'Pre811', 'M', 'Avenue 193', 313, '+243 83 2412075', 'Contact 811 / +243 82 3579288', 1),
(812, 'Nom812', 'Post812', 'Pre812', 'M', 'Avenue 28', 337, '+243 81 420533', 'Contact 812 / +243 87 5581587', 1),
(813, 'Nom813', 'Post813', 'Pre813', 'F', 'Avenue 72', 103, '+243 83 6476205', 'Contact 813 / +243 86 1361068', 1),
(814, 'NZILA', 'MUANAMPUTU', 'Peniel', 'F', 'Avenue 79', 248, '+243 81 8091392', 'Contact 814 / +243 89 37699', 1),
(815, 'Nom815', 'Post815', 'Pre815', 'M', 'Avenue 197', 125, '+243 87 6017441', 'Contact 815 / +243 81 5748859', 1),
(816, 'Nom816', 'Post816', 'Pre816', 'F', 'Avenue 23', 64, '+243 85 382023', 'Contact 816 / +243 86 2164311', 1),
(817, 'Nom817', 'Post817', 'Pre817', 'M', 'Avenue 37', 143, '+243 83 7020596', 'Contact 817 / +243 87 2778330', 1),
(818, 'Nom818', 'Post818', 'Pre818', 'M', 'Avenue 168', 60, '+243 82 7896457', 'Contact 818 / +243 85 1966261', 1),
(819, 'Nom819', 'Post819', 'Pre819', 'M', 'Avenue 50', 47, '+243 88 8727708', 'Contact 819 / +243 82 2562176', 1),
(820, 'Nom820', 'Post820', 'Pre820', 'F', 'Avenue 136', 105, '+243 83 533151', 'Contact 820 / +243 81 5011039', 1),
(821, 'Nom821', 'Post821', 'Pre821', 'M', 'Avenue 9', 73, '+243 88 6214365', 'Contact 821 / +243 88 2960833', 1),
(822, 'Nom822', 'Post822', 'Pre822', 'M', 'Avenue 7', 62, '+243 87 1263129', 'Contact 822 / +243 85 1433417', 1),
(823, 'Nom823', 'Post823', 'Pre823', 'M', 'Avenue 152', 26, '+243 80 938030', 'Contact 823 / +243 83 3120058', 1),
(824, 'Nom824', 'Post824', 'Pre824', 'F', 'Avenue 129', 12, '+243 82 8462322', 'Contact 824 / +243 80 5311252', 1),
(825, 'Nom825', 'Post825', 'Pre825', 'F', 'Avenue 150', 234, '+243 89 7260980', 'Contact 825 / +243 81 5186396', 1),
(826, 'Nom826', 'Post826', 'Pre826', 'M', 'Avenue 137', 217, '+243 88 5982678', 'Contact 826 / +243 86 2859055', 1),
(827, 'Nom827', 'Post827', 'Pre827', 'F', 'Avenue 10', 170, '+243 81 3277268', 'Contact 827 / +243 83 6858202', 1),
(828, 'Nom828', 'Post828', 'Pre828', 'F', 'Avenue 40', 335, '+243 89 708208', 'Contact 828 / +243 85 2465894', 1),
(829, 'Nom829', 'Post829', 'Pre829', 'F', 'Avenue 99', 328, '+243 89 2261379', 'Contact 829 / +243 82 6379872', 1),
(830, 'Nom830', 'Post830', 'Pre830', 'F', 'Avenue 41', 14, '+243 85 6127538', 'Contact 830 / +243 87 5516647', 1),
(831, 'Nom831', 'Post831', 'Pre831', 'F', 'Avenue 103', 359, '+243 83 6819982', 'Contact 831 / +243 87 5278734', 1),
(832, 'Nom832', 'Post832', 'Pre832', 'F', 'Avenue 64', 282, '+243 88 701079', 'Contact 832 / +243 87 4957488', 1),
(833, 'Nom833', 'Post833', 'Pre833', 'M', 'Avenue 152', 137, '+243 85 6677504', 'Contact 833 / +243 89 6634221', 1),
(834, 'Nom834', 'Post834', 'Pre834', 'F', 'Avenue 65', 190, '+243 85 4013779', 'Contact 834 / +243 84 7410202', 1),
(835, 'Nom835', 'Post835', 'Pre835', 'F', 'Avenue 125', 253, '+243 85 6549081', 'Contact 835 / +243 89 5552080', 1),
(836, 'Nom836', 'Post836', 'Pre836', 'M', 'Avenue 34', 91, '+243 87 7547933', 'Contact 836 / +243 80 6461421', 1),
(837, 'Nom837', 'Post837', 'Pre837', 'M', 'Avenue 18', 43, '+243 83 1480102', 'Contact 837 / +243 89 707062', 1),
(838, 'Nom838', 'Post838', 'Pre838', 'F', 'Avenue 2', 42, '+243 85 2865528', 'Contact 838 / +243 89 214107', 1),
(839, 'Nom839', 'Post839', 'Pre839', 'M', 'Avenue 117', 197, '+243 89 284987', 'Contact 839 / +243 83 6863254', 1),
(840, 'Nom840', 'Post840', 'Pre840', 'F', 'Avenue 40', 339, '+243 80 2677957', 'Contact 840 / +243 84 2922532', 1),
(841, 'Nom841', 'Post841', 'Pre841', 'M', 'Avenue 98', 213, '+243 84 3355380', 'Contact 841 / +243 85 7807882', 1),
(842, 'Nom842', 'Post842', 'Pre842', 'F', 'Avenue 25', 1, '+243 86 987748', 'Contact 842 / +243 86 661722', 1),
(843, 'Nom843', 'Post843', 'Pre843', 'M', 'Avenue 81', 25, '+243 81 3264876', 'Contact 843 / +243 84 2505919', 1),
(844, 'Nom844', 'Post844', 'Pre844', 'F', 'Avenue 5', 78, '+243 89 2262882', 'Contact 844 / +243 83 7939158', 1),
(845, 'Nom845', 'Post845', 'Pre845', 'M', 'Avenue 99', 74, '+243 85 8716546', 'Contact 845 / +243 82 5296649', 1),
(846, 'Nom846', 'Post846', 'Pre846', 'M', 'Avenue 93', 69, '+243 85 1384130', 'Contact 846 / +243 81 2082129', 1),
(847, 'Nom847', 'Post847', 'Pre847', 'F', 'Avenue 2', 306, '+243 81 1597322', 'Contact 847 / +243 84 7789090', 1),
(848, 'Nom848', 'Post848', 'Pre848', 'F', 'Avenue 169', 208, '+243 82 6807393', 'Contact 848 / +243 89 2497915', 1),
(849, 'Nom849', 'Post849', 'Pre849', 'F', 'Avenue 93', 129, '+243 83 6539779', 'Contact 849 / +243 85 5845447', 1),
(850, 'Nom850', 'Post850', 'Pre850', 'F', 'Avenue 160', 130, '+243 83 6928982', 'Contact 850 / +243 87 4009693', 1),
(851, 'Nom851', 'Post851', 'Pre851', 'F', 'Avenue 107', 277, '+243 81 5365929', 'Contact 851 / +243 84 4705160', 1),
(852, 'Nom852', 'Post852', 'Pre852', 'M', 'Avenue 113', 57, '+243 80 8038083', 'Contact 852 / +243 82 5202052', 1),
(853, 'Nom853', 'Post853', 'Pre853', 'M', 'Avenue 188', 115, '+243 87 6592059', 'Contact 853 / +243 84 870840', 1),
(854, 'Nom854', 'Post854', 'Pre854', 'M', 'Avenue 49', 334, '+243 88 2901614', 'Contact 854 / +243 81 8427514', 1),
(855, 'Nom855', 'Post855', 'Pre855', 'M', 'Avenue 177', 11, '+243 84 2744778', 'Contact 855 / +243 80 4750066', 1),
(856, 'Nom856', 'Post856', 'Pre856', 'M', 'Avenue 56', 109, '+243 86 2345696', 'Contact 856 / +243 84 2607892', 1),
(857, 'Nom857', 'Post857', 'Pre857', 'M', 'Avenue 31', 67, '+243 84 5411973', 'Contact 857 / +243 87 7103387', 1),
(858, 'Nom858', 'Post858', 'Pre858', 'F', 'Avenue 116', 202, '+243 89 2896148', 'Contact 858 / +243 86 1540149', 1),
(859, 'Nom859', 'Post859', 'Pre859', 'F', 'Avenue 71', 314, '+243 82 4366431', 'Contact 859 / +243 87 4691218', 1),
(860, 'Nom860', 'Post860', 'Pre860', 'M', 'Avenue 107', 10, '+243 85 4552299', 'Contact 860 / +243 89 3415001', 1),
(861, 'Nom861', 'Post861', 'Pre861', 'F', 'Avenue 131', 150, '+243 80 1158493', 'Contact 861 / +243 84 6926761', 1),
(862, 'Nom862', 'Post862', 'Pre862', 'F', 'Avenue 92', 242, '+243 89 4790862', 'Contact 862 / +243 89 1631262', 1),
(863, 'Nom863', 'Post863', 'Pre863', 'M', 'Avenue 130', 54, '+243 87 3877954', 'Contact 863 / +243 88 7808718', 1),
(864, 'Nom864', 'Post864', 'Pre864', 'F', 'Avenue 121', 187, '+243 87 935501', 'Contact 864 / +243 83 3498679', 1),
(865, 'Nom865', 'Post865', 'Pre865', 'F', 'Avenue 90', 177, '+243 80 7783849', 'Contact 865 / +243 81 777983', 1),
(866, 'Nom866', 'Post866', 'Pre866', 'M', 'Avenue 171', 82, '+243 85 64998', 'Contact 866 / +243 84 1246913', 1),
(867, 'Nom867', 'Post867', 'Pre867', 'M', 'Avenue 113', 237, '+243 85 6522848', 'Contact 867 / +243 80 8522090', 1),
(868, 'Nom868', 'Post868', 'Pre868', 'F', 'Avenue 93', 131, '+243 83 7237831', 'Contact 868 / +243 88 698678', 1),
(869, 'Nom869', 'Post869', 'Pre869', 'F', 'Avenue 47', 38, '+243 88 6527773', 'Contact 869 / +243 82 7623306', 1),
(870, 'Nom870', 'Post870', 'Pre870', 'F', 'Avenue 113', 354, '+243 81 6713032', 'Contact 870 / +243 83 4367918', 1),
(871, 'Nom871', 'Post871', 'Pre871', 'M', 'Avenue 101', 133, '+243 82 3115827', 'Contact 871 / +243 88 2863428', 1),
(872, 'Nom872', 'Post872', 'Pre872', 'F', 'Avenue 185', 262, '+243 87 7276665', 'Contact 872 / +243 86 8281481', 1),
(873, 'Nom873', 'Post873', 'Pre873', 'F', 'Avenue 41', 93, '+243 86 4050920', 'Contact 873 / +243 83 2544305', 1),
(874, 'Nom874', 'Post874', 'Pre874', 'M', 'Avenue 64', 111, '+243 85 7318520', 'Contact 874 / +243 84 6681726', 1),
(875, 'Nom875', 'Post875', 'Pre875', 'M', 'Avenue 157', 267, '+243 82 1847853', 'Contact 875 / +243 81 3143033', 1),
(876, 'Nom876', 'Post876', 'Pre876', 'M', 'Avenue 157', 160, '+243 88 7049063', 'Contact 876 / +243 84 8605810', 1),
(877, 'Nom877', 'Post877', 'Pre877', 'M', 'Avenue 23', 147, '+243 86 440072', 'Contact 877 / +243 82 2849906', 1),
(878, 'Nom878', 'Post878', 'Pre878', 'F', 'Avenue 115', 281, '+243 81 1886766', 'Contact 878 / +243 87 789358', 1),
(879, 'Nom879', 'Post879', 'Pre879', 'M', 'Avenue 155', 100, '+243 80 2725778', 'Contact 879 / +243 84 2707221', 1);
INSERT INTO `clients` (`id`, `nom`, `postnom`, `prenom`, `sexe`, `adresse`, `idQuartier`, `telephone`, `personneContact`, `idEtat`) VALUES
(880, 'Nom880', 'Post880', 'Pre880', 'M', 'Avenue 197', 151, '+243 80 2039672', 'Contact 880 / +243 88 5364705', 1),
(881, 'Nom881', 'Post881', 'Pre881', 'M', 'Avenue 57', 68, '+243 80 6976509', 'Contact 881 / +243 86 596548', 1),
(882, 'Nom882', 'Post882', 'Pre882', 'M', 'Avenue 56', 193, '+243 87 2826899', 'Contact 882 / +243 82 2159664', 1),
(883, 'Nom883', 'Post883', 'Pre883', 'M', 'Avenue 146', 70, '+243 87 1865152', 'Contact 883 / +243 87 1999540', 1),
(884, 'Nom884', 'Post884', 'Pre884', 'F', 'Avenue 71', 135, '+243 87 6578623', 'Contact 884 / +243 83 5272561', 1),
(885, 'Nom885', 'Post885', 'Pre885', 'F', 'Avenue 110', 65, '+243 82 5239421', 'Contact 885 / +243 82 4310455', 1),
(886, 'Nom886', 'Post886', 'Pre886', 'F', 'Avenue 172', 119, '+243 80 1954756', 'Contact 886 / +243 89 1912399', 1),
(887, 'Nom887', 'Post887', 'Pre887', 'M', 'Avenue 16', 359, '+243 86 3028869', 'Contact 887 / +243 87 5115074', 1),
(888, 'Nom888', 'Post888', 'Pre888', 'F', 'Avenue 153', 280, '+243 85 2238007', 'Contact 888 / +243 87 7693432', 1),
(889, 'BUYIBU', 'BAYA', 'Severine', 'M', 'Avenue 0', 248, '+243 83 7652079', 'Contact 889 / +243 81 510210', 1),
(890, 'Nom890', 'Post890', 'Pre890', 'F', 'Avenue 85', 135, '+243 85 6504211', 'Contact 890 / +243 89 3764031', 1),
(891, 'Nom891', 'Post891', 'Pre891', 'M', 'Avenue 88', 71, '+243 86 5401614', 'Contact 891 / +243 80 6051657', 1),
(892, 'Nom892', 'Post892', 'Pre892', 'M', 'Avenue 74', 233, '+243 80 3372320', 'Contact 892 / +243 87 3579026', 1),
(893, 'Nom893', 'Post893', 'Pre893', 'F', 'Avenue 36', 107, '+243 89 5891195', 'Contact 893 / +243 85 7348434', 1),
(894, 'Nom894', 'Post894', 'Pre894', 'M', 'Avenue 124', 318, '+243 84 6841167', 'Contact 894 / +243 83 5686585', 1),
(895, 'Nom895', 'Post895', 'Pre895', 'M', 'Avenue 32', 287, '+243 84 7035059', 'Contact 895 / +243 86 7193893', 1),
(896, 'Nom896', 'Post896', 'Pre896', 'M', 'Avenue 30', 158, '+243 86 1660598', 'Contact 896 / +243 88 5702037', 1),
(897, 'Nom897', 'Post897', 'Pre897', 'F', 'Avenue 75', 337, '+243 84 4973802', 'Contact 897 / +243 83 2099354', 1),
(898, 'Nom898', 'Post898', 'Pre898', 'M', 'Avenue 91', 72, '+243 86 3968994', 'Contact 898 / +243 83 5529296', 1),
(899, 'Nom899', 'Post899', 'Pre899', 'F', 'Avenue 140', 290, '+243 88 7699013', 'Contact 899 / +243 87 1162680', 1),
(900, 'Nom900', 'Post900', 'Pre900', 'M', 'Avenue 151', 181, '+243 81 4382704', 'Contact 900 / +243 88 7434148', 1),
(901, 'Nom901', 'Post901', 'Pre901', 'F', 'Avenue 62', 324, '+243 84 7013887', 'Contact 901 / +243 84 7639807', 1),
(902, 'Nom902', 'Post902', 'Pre902', 'F', 'Avenue 22', 285, '+243 85 3228456', 'Contact 902 / +243 81 7463898', 1),
(903, 'Nom903', 'Post903', 'Pre903', 'F', 'Avenue 105', 306, '+243 85 3631820', 'Contact 903 / +243 82 1504015', 1),
(904, 'Nom904', 'Post904', 'Pre904', 'M', 'Avenue 108', 253, '+243 88 235017', 'Contact 904 / +243 86 2590237', 1),
(905, 'Nom905', 'Post905', 'Pre905', 'M', 'Avenue 46', 333, '+243 88 4355090', 'Contact 905 / +243 88 173509', 1),
(906, 'Nom906', 'Post906', 'Pre906', 'M', 'Avenue 2', 299, '+243 80 6779801', 'Contact 906 / +243 86 8832828', 1),
(907, 'Nom907', 'Post907', 'Pre907', 'F', 'Avenue 173', 165, '+243 86 7912488', 'Contact 907 / +243 84 5930044', 1),
(908, 'Nom908', 'Post908', 'Pre908', 'F', 'Avenue 121', 104, '+243 85 1072095', 'Contact 908 / +243 88 6481603', 1),
(909, 'NZINGA', 'ARAPHAI', 'Donel', 'M', 'Avenue 122', 218, '+243 81 7959748', 'Contact 909 / +243 80 4173658', 1),
(910, 'Nom910', 'Post910', 'Pre910', 'M', 'Avenue 170', 188, '+243 80 4256365', 'Contact 910 / +243 83 3477912', 1),
(911, 'Nom911', 'Post911', 'Pre911', 'F', 'Avenue 17', 323, '+243 81 1109150', 'Contact 911 / +243 81 3603752', 1),
(912, 'Nom912', 'Post912', 'Pre912', 'F', 'Avenue 99', 320, '+243 88 6687749', 'Contact 912 / +243 80 2285501', 1),
(913, 'Nom913', 'Post913', 'Pre913', 'F', 'Avenue 27', 274, '+243 83 3299970', 'Contact 913 / +243 88 2226878', 1),
(914, 'Nom914', 'Post914', 'Pre914', 'F', 'Avenue 80', 44, '+243 83 5592755', 'Contact 914 / +243 89 6543479', 1),
(915, 'Nom915', 'Post915', 'Pre915', 'F', 'Avenue 44', 171, '+243 86 8167798', 'Contact 915 / +243 85 536460', 1),
(916, 'Nom916', 'Post916', 'Pre916', 'F', 'Avenue 192', 344, '+243 87 1390222', 'Contact 916 / +243 83 4475199', 1),
(917, 'Nom917', 'Post917', 'Pre917', 'M', 'Avenue 11', 131, '+243 86 55079', 'Contact 917 / +243 81 8080075', 1),
(918, 'Nom918', 'Post918', 'Pre918', 'F', 'Avenue 0', 72, '+243 89 2532724', 'Contact 918 / +243 84 5200565', 1),
(919, 'Nom919', 'Post919', 'Pre919', 'M', 'Avenue 89', 338, '+243 82 5585702', 'Contact 919 / +243 82 4334571', 1),
(920, 'Nom920', 'Post920', 'Pre920', 'F', 'Avenue 113', 8, '+243 84 8548154', 'Contact 920 / +243 85 7847612', 1),
(921, 'Nom921', 'Post921', 'Pre921', 'F', 'Avenue 3', 335, '+243 85 7442211', 'Contact 921 / +243 85 4352134', 1),
(922, 'Nom922', 'Post922', 'Pre922', 'F', 'Avenue 149', 297, '+243 88 5786581', 'Contact 922 / +243 87 8307927', 1),
(923, 'Nom923', 'Post923', 'Pre923', 'M', 'Avenue 150', 311, '+243 89 3506172', 'Contact 923 / +243 89 6858459', 1),
(924, 'Nom924', 'Post924', 'Pre924', 'F', 'Avenue 194', 113, '+243 86 1779023', 'Contact 924 / +243 81 8803232', 1),
(925, 'Nom925', 'Post925', 'Pre925', 'F', 'Avenue 161', 141, '+243 85 3258109', 'Contact 925 / +243 83 3808653', 1),
(926, 'Nom926', 'Post926', 'Pre926', 'M', 'Avenue 156', 103, '+243 80 3966291', 'Contact 926 / +243 80 7619106', 1),
(927, 'Nom927', 'Post927', 'Pre927', 'M', 'Avenue 23', 73, '+243 86 5115225', 'Contact 927 / +243 89 189218', 1),
(928, 'Nom928', 'Post928', 'Pre928', 'M', 'Avenue 56', 225, '+243 82 1961714', 'Contact 928 / +243 84 5636102', 1),
(929, 'Nom929', 'Post929', 'Pre929', 'F', 'Avenue 187', 145, '+243 81 5627373', 'Contact 929 / +243 86 2976130', 1),
(930, 'Nom930', 'Post930', 'Pre930', 'F', 'Avenue 131', 33, '+243 84 1175449', 'Contact 930 / +243 82 6101910', 1),
(931, 'Nom931', 'Post931', 'Pre931', 'F', 'Avenue 141', 106, '+243 83 6588228', 'Contact 931 / +243 87 2879798', 1),
(932, 'Nom932', 'Post932', 'Pre932', 'M', 'Avenue 98', 361, '+243 84 2889486', 'Contact 932 / +243 82 2036994', 1),
(933, 'Nom933', 'Post933', 'Pre933', 'M', 'Avenue 82', 293, '+243 87 3991119', 'Contact 933 / +243 89 2009292', 1),
(934, 'Nom934', 'Post934', 'Pre934', 'M', 'Avenue 50', 38, '+243 87 4213054', 'Contact 934 / +243 80 8841500', 1),
(935, 'Nom935', 'Post935', 'Pre935', 'F', 'Avenue 90', 82, '+243 87 886633', 'Contact 935 / +243 82 7865657', 1),
(936, 'Nom936', 'Post936', 'Pre936', 'F', 'Avenue 143', 216, '+243 87 1585538', 'Contact 936 / +243 85 424238', 1),
(937, 'Nom937', 'Post937', 'Pre937', 'F', 'Avenue 62', 176, '+243 84 8078856', 'Contact 937 / +243 80 6659491', 1),
(938, 'Nom938', 'Post938', 'Pre938', 'M', 'Avenue 196', 213, '+243 89 611287', 'Contact 938 / +243 84 601473', 1),
(939, 'Nom939', 'Post939', 'Pre939', 'F', 'Avenue 131', 139, '+243 89 3762167', 'Contact 939 / +243 83 4939128', 1),
(940, 'Nom940', 'Post940', 'Pre940', 'F', 'Avenue 132', 124, '+243 86 4096351', 'Contact 940 / +243 81 5480759', 1),
(941, 'Nom941', 'Post941', 'Pre941', 'M', 'Avenue 94', 363, '+243 85 6024101', 'Contact 941 / +243 87 7262592', 1),
(942, 'Nom942', 'Post942', 'Pre942', 'F', 'Avenue 61', 111, '+243 85 378898', 'Contact 942 / +243 84 668329', 1),
(943, 'Nom943', 'Post943', 'Pre943', 'M', 'Avenue 6', 3, '+243 89 6107648', 'Contact 943 / +243 85 7460145', 1),
(944, 'Nom944', 'Post944', 'Pre944', 'M', 'Avenue 128', 341, '+243 87 7685901', 'Contact 944 / +243 80 7638777', 1),
(945, 'Nom945', 'Post945', 'Pre945', 'F', 'Avenue 88', 77, '+243 87 130968', 'Contact 945 / +243 88 3476074', 1),
(946, 'Nom946', 'Post946', 'Pre946', 'M', 'Avenue 41', 80, '+243 84 6043251', 'Contact 946 / +243 89 7213003', 1),
(947, 'Nom947', 'Post947', 'Pre947', 'M', 'Avenue 36', 208, '+243 82 6573173', 'Contact 947 / +243 87 6892033', 1),
(948, 'Nom948', 'Post948', 'Pre948', 'M', 'Avenue 195', 190, '+243 86 6904241', 'Contact 948 / +243 88 8144255', 1),
(949, 'Nom949', 'Post949', 'Pre949', 'M', 'Avenue 57', 163, '+243 83 3787367', 'Contact 949 / +243 80 30477', 1),
(950, 'Nom950', 'Post950', 'Pre950', 'F', 'Avenue 55', 298, '+243 82 6501260', 'Contact 950 / +243 89 3704200', 1),
(951, 'Nom951', 'Post951', 'Pre951', 'M', 'Avenue 63', 243, '+243 83 6954192', 'Contact 951 / +243 88 6546447', 1),
(952, 'Nom952', 'Post952', 'Pre952', 'M', 'Avenue 173', 257, '+243 89 3972989', 'Contact 952 / +243 84 666309', 1),
(953, 'Nom953', 'Post953', 'Pre953', 'F', 'Avenue 86', 138, '+243 85 6677077', 'Contact 953 / +243 89 6501083', 1),
(954, 'Nom954', 'Post954', 'Pre954', 'F', 'Avenue 9', 113, '+243 84 676655', 'Contact 954 / +243 81 5869178', 1),
(955, 'Nom955', 'Post955', 'Pre955', 'F', 'Avenue 142', 135, '+243 86 3303910', 'Contact 955 / +243 87 6045153', 1),
(956, 'Nom956', 'Post956', 'Pre956', 'M', 'Avenue 91', 3, '+243 86 2451003', 'Contact 956 / +243 83 1040558', 1),
(957, 'Nom957', 'Post957', 'Pre957', 'M', 'Avenue 149', 174, '+243 81 2002117', 'Contact 957 / +243 87 8718229', 1),
(958, 'Nom958', 'Post958', 'Pre958', 'F', 'Avenue 80', 11, '+243 89 5471741', 'Contact 958 / +243 82 2557088', 1),
(959, 'Nom959', 'Post959', 'Pre959', 'F', 'Avenue 185', 134, '+243 80 1269859', 'Contact 959 / +243 85 3527596', 1),
(960, 'Nom960', 'Post960', 'Pre960', 'M', 'Avenue 35', 28, '+243 88 8827332', 'Contact 960 / +243 83 8680593', 1),
(961, 'Nom961', 'Post961', 'Pre961', 'F', 'Avenue 99', 168, '+243 87 5144652', 'Contact 961 / +243 84 6756810', 1),
(962, 'Nom962', 'Post962', 'Pre962', 'M', 'Avenue 23', 284, '+243 85 2372348', 'Contact 962 / +243 87 264726', 1),
(963, 'Nom963', 'Post963', 'Pre963', 'F', 'Avenue 37', 135, '+243 82 2631997', 'Contact 963 / +243 86 2221216', 1),
(964, 'Nom964', 'Post964', 'Pre964', 'M', 'Avenue 11', 76, '+243 88 6378398', 'Contact 964 / +243 89 5373675', 1),
(965, 'Nom965', 'Post965', 'Pre965', 'M', 'Avenue 193', 138, '+243 89 6991753', 'Contact 965 / +243 89 3404741', 1),
(966, 'Nom966', 'Post966', 'Pre966', 'M', 'Avenue 39', 287, '+243 83 2291857', 'Contact 966 / +243 83 7235891', 1),
(967, 'Nom967', 'Post967', 'Pre967', 'M', 'Avenue 196', 250, '+243 84 2215795', 'Contact 967 / +243 88 4854797', 1),
(968, 'Nom968', 'Post968', 'Pre968', 'M', 'Avenue 6', 284, '+243 87 5007529', 'Contact 968 / +243 84 5350709', 1),
(969, 'Nom969', 'Post969', 'Pre969', 'F', 'Avenue 57', 220, '+243 81 7642053', 'Contact 969 / +243 88 6689878', 1),
(970, 'Nom970', 'Post970', 'Pre970', 'M', 'Avenue 96', 359, '+243 84 2810862', 'Contact 970 / +243 82 1145387', 1),
(971, 'Nom971', 'Post971', 'Pre971', 'F', 'Avenue 121', 16, '+243 83 7447263', 'Contact 971 / +243 89 3054970', 1),
(972, 'Nom972', 'Post972', 'Pre972', 'F', 'Avenue 0', 219, '+243 89 1183337', 'Contact 972 / +243 87 1018649', 1),
(973, 'Nom973', 'Post973', 'Pre973', 'M', 'Avenue 193', 166, '+243 83 3873025', 'Contact 973 / +243 80 999423', 1),
(974, 'Nom974', 'Post974', 'Pre974', 'M', 'Avenue 47', 89, '+243 85 7006246', 'Contact 974 / +243 83 5489012', 1),
(975, 'Nom975', 'Post975', 'Pre975', 'F', 'Avenue 116', 96, '+243 85 259600', 'Contact 975 / +243 84 1747697', 1),
(976, 'Nom976', 'Post976', 'Pre976', 'F', 'Avenue 85', 126, '+243 84 744257', 'Contact 976 / +243 81 4407847', 1),
(977, 'Nom977', 'Post977', 'Pre977', 'M', 'Avenue 112', 289, '+243 82 8204222', 'Contact 977 / +243 87 2075892', 1),
(978, 'Nom978', 'Post978', 'Pre978', 'F', 'Avenue 35', 209, '+243 83 7599063', 'Contact 978 / +243 82 8294614', 1),
(979, 'Nom979', 'Post979', 'Pre979', 'F', 'Avenue 182', 130, '+243 80 792974', 'Contact 979 / +243 83 4477367', 1),
(980, 'Nom980', 'Post980', 'Pre980', 'M', 'Avenue 131', 2, '+243 80 2033049', 'Contact 980 / +243 89 2206069', 1),
(981, 'Nom981', 'Post981', 'Pre981', 'M', 'Avenue 124', 112, '+243 86 3181925', 'Contact 981 / +243 88 8727017', 1),
(982, 'Nom982', 'Post982', 'Pre982', 'M', 'Avenue 48', 337, '+243 88 5207917', 'Contact 982 / +243 82 6558027', 1),
(983, 'Nom983', 'Post983', 'Pre983', 'F', 'Avenue 127', 326, '+243 85 320392', 'Contact 983 / +243 85 5969018', 1),
(984, 'Nom984', 'Post984', 'Pre984', 'F', 'Avenue 56', 162, '+243 83 4602811', 'Contact 984 / +243 84 6649718', 1),
(985, 'Nom985', 'Post985', 'Pre985', 'M', 'Avenue 87', 69, '+243 86 5073782', 'Contact 985 / +243 89 321151', 1),
(986, 'Nom986', 'Post986', 'Pre986', 'M', 'Avenue 120', 364, '+243 81 7296916', 'Contact 986 / +243 85 4106002', 1),
(987, 'Nom987', 'Post987', 'Pre987', 'F', 'Avenue 74', 78, '+243 89 961147', 'Contact 987 / +243 86 1043956', 1),
(988, 'Nom988', 'Post988', 'Pre988', 'F', 'Avenue 48', 242, '+243 85 7779518', 'Contact 988 / +243 86 4403142', 1),
(989, 'Nom989', 'Post989', 'Pre989', 'F', 'Avenue 103', 290, '+243 84 5717974', 'Contact 989 / +243 89 8668474', 1),
(990, 'Nom990', 'Post990', 'Pre990', 'F', 'Avenue 116', 84, '+243 83 2498975', 'Contact 990 / +243 82 2035568', 1),
(991, 'Nom991', 'Post991', 'Pre991', 'M', 'Avenue 159', 186, '+243 81 1325858', 'Contact 991 / +243 83 2240864', 1),
(992, 'Nom992', 'Post992', 'Pre992', 'M', 'Avenue 80', 122, '+243 84 2316726', 'Contact 992 / +243 89 8029148', 1),
(993, 'Nom993', 'Post993', 'Pre993', 'F', 'Avenue 126', 67, '+243 80 4574380', 'Contact 993 / +243 85 135370', 1),
(994, 'Nom994', 'Post994', 'Pre994', 'F', 'Avenue 142', 331, '+243 83 1773767', 'Contact 994 / +243 88 5550772', 1),
(995, 'Nom995', 'Post995', 'Pre995', 'F', 'Avenue 188', 17, '+243 83 7553259', 'Contact 995 / +243 80 4803539', 1),
(996, 'Nom996', 'Post996', 'Pre996', 'F', 'Avenue 117', 9, '+243 83 6530995', 'Contact 996 / +243 85 5104962', 1),
(997, 'Nom997', 'Post997', 'Pre997', 'M', 'Avenue 49', 243, '+243 85 7857678', 'Contact 997 / +243 86 5669124', 1),
(998, 'Nom998', 'Post998', 'Pre998', 'M', 'Avenue 22', 349, '+243 84 2633578', 'Contact 998 / +243 81 8904897', 1),
(999, 'Nom999', 'Post999', 'Pre999', 'M', 'Avenue 33', 201, '+243 82 5117907', 'Contact 999 / +243 81 7861769', 1),
(1000, 'PAMBU', 'PAMBU', 'Fiston', 'M', 'Avenue 95', 123, '+243 82 1832254', 'Contact 1000 / +243 82 7600518', 1);

-- --------------------------------------------------------

--
-- Structure de la table `commune`
--

CREATE TABLE `commune` (
  `id` int(11) NOT NULL,
  `nomCommune` varchar(50) NOT NULL
) ENGINE=InnoDB DEFAULT CHARSET=utf8mb4 COLLATE=utf8mb4_general_ci;

--
-- Déchargement des données de la table `commune`
--

INSERT INTO `commune` (`id`, `nomCommune`) VALUES
(1, 'Gombe'),
(2, 'Kinshasa'),
(3, 'Barumbu'),
(4, 'Lingwala'),
(5, 'Kintambo'),
(6, 'Ngaliema'),
(7, 'Mont-Ngafula'),
(8, 'Selembao'),
(9, 'Bandalungwa'),
(10, 'Kalamu'),
(11, 'Makala'),
(12, 'Bumbu'),
(13, 'Ngiri-Ngiri'),
(14, 'Matete'),
(15, 'Limete'),
(16, 'Lemba'),
(17, 'Ngaba'),
(18, 'Kinseso'),
(19, 'N\'djili'),
(20, 'Masina'),
(21, 'Kimbanseke'),
(22, 'N\'sele'),
(23, 'Maluku'),
(24, 'Kasa-vubu');

-- --------------------------------------------------------

--
-- Structure de la table `etat`
--

CREATE TABLE `etat` (
  `id` int(11) NOT NULL,
  `libelEtat` varchar(15) NOT NULL
) ENGINE=InnoDB DEFAULT CHARSET=utf8mb4 COLLATE=utf8mb4_general_ci;

--
-- Déchargement des données de la table `etat`
--

INSERT INTO `etat` (`id`, `libelEtat`) VALUES
(1, 'Libre'),
(2, 'Bloquer');

-- --------------------------------------------------------

--
-- Structure de la table `fonctions`
--

CREATE TABLE `fonctions` (
  `id` int(11) NOT NULL,
  `libelFonction` varchar(50) NOT NULL
) ENGINE=InnoDB DEFAULT CHARSET=utf8mb4 COLLATE=utf8mb4_general_ci;

--
-- Déchargement des données de la table `fonctions`
--

INSERT INTO `fonctions` (`id`, `libelFonction`) VALUES
(1, 'Super Admin'),
(2, 'Admin'),
(3, 'Agent'),
(4, 'Gérant');

-- --------------------------------------------------------

--
-- Structure de la table `location`
--

CREATE TABLE `location` (
  `id` int(11) NOT NULL,
  `dateLocation` datetime NOT NULL,
  `heureDebut` time NOT NULL,
  `duree` int(11) NOT NULL,
  `heureFin` time NOT NULL,
  `idAffectation` int(11) NOT NULL,
  `idClient` int(11) NOT NULL,
  `idAgent` int(11) NOT NULL,
  `pt` float NOT NULL,
  `statut` varchar(20) NOT NULL DEFAULT 'demarree',
  `penalite` float NOT NULL DEFAULT 0,
  `montantPenalitePaye` decimal(10,2) DEFAULT NULL,
  `datePaiementPenalite` datetime DEFAULT NULL,
  `statutPenalite` enum('aucune','due','paye','non_paye') NOT NULL DEFAULT 'aucune'
) ENGINE=InnoDB DEFAULT CHARSET=utf8mb4 COLLATE=utf8mb4_general_ci;

--
-- Déchargement des données de la table `location`
--

INSERT INTO `location` (`id`, `dateLocation`, `heureDebut`, `duree`, `heureFin`, `idAffectation`, `idClient`, `idAgent`, `pt`, `statut`, `penalite`, `montantPenalitePaye`, `datePaiementPenalite`, `statutPenalite`) VALUES
(1, '2025-12-03 00:00:00', '16:18:00', 5, '21:05:34', 3, 163, 7, 5000, 'cloturee', 2000, 4000.00, '2025-12-03 21:47:00', 'paye'),
(2, '2025-12-03 00:00:00', '16:18:00', 1, '16:19:31', 2, 152, 7, 1000, 'cloturee', 0, NULL, NULL, 'aucune'),
(3, '2025-12-03 00:00:00', '16:34:00', 6, '21:56:48', 6, 450, 6, 5000, 'cloturee', 2000, 4000.00, '2025-12-03 22:08:00', 'paye'),
(4, '2025-12-03 00:00:00', '16:34:00', 5, '21:30:58', 5, 766, 6, 3000, 'cloturee', 2000, 2000.00, '2025-12-03 21:33:00', 'paye');

-- --------------------------------------------------------

--
-- Structure de la table `power_bank`
--

CREATE TABLE `power_bank` (
  `id` int(11) NOT NULL,
  `codePower` varchar(15) NOT NULL,
  `dateAcquis` date NOT NULL,
  `capacite` varchar(20) NOT NULL,
  `presentationEcran` varchar(100) NOT NULL,
  `idTypeCable` int(11) NOT NULL,
  `idStatut` int(11) NOT NULL,
  `tarif` float NOT NULL
) ENGINE=InnoDB DEFAULT CHARSET=utf8mb4 COLLATE=utf8mb4_general_ci;

--
-- Déchargement des données de la table `power_bank`
--

INSERT INTO `power_bank` (`id`, `codePower`, `dateAcquis`, `capacite`, `presentationEcran`, `idTypeCable`, `idStatut`, `tarif`) VALUES
(1, 'PB001', '2024-01-01', '10000mAh', 'Écran LED', 1, 3, 1000),
(2, 'PB002', '2024-01-02', '20000mAh', 'Écran LCD', 2, 3, 1000),
(3, 'PB003', '2024-01-03', '30000mAh', 'Sans écran', 1, 2, 1000),
(4, 'PB004', '2024-01-04', '10000mAh', 'Écran LED', 2, 2, 1000),
(5, 'PB005', '2024-01-05', '20000mAh', 'Écran LCD', 1, 2, 1000),
(6, 'PB006', '2024-01-06', '30000mAh', 'Sans écran', 2, 2, 1000),
(7, 'PB007', '2024-01-07', '10000mAh', 'Écran LED', 1, 2, 1000),
(8, 'PB008', '2024-01-08', '20000mAh', 'Écran LCD', 2, 2, 1000),
(9, 'PB009', '2024-01-09', '30000mAh', 'Sans écran', 1, 2, 1000),
(10, 'PB010', '2024-01-10', '10000mAh', 'Écran LED', 2, 2, 1000),
(11, 'PB011', '2024-01-11', '20000mAh', 'Écran LCD', 1, 2, 1000),
(12, 'PB012', '2024-01-12', '30000mAh', 'Sans écran', 2, 2, 1000),
(13, 'PB013', '2024-01-13', '10000mAh', 'Écran LED', 1, 2, 1000),
(14, 'PB014', '2024-01-14', '20000mAh', 'Écran LCD', 2, 2, 1000),
(15, 'PB015', '2024-01-15', '30000mAh', 'Sans écran', 1, 2, 1000),
(16, 'PB016', '2024-01-16', '10000mAh', 'Écran LED', 2, 2, 1000),
(17, 'PB017', '2024-01-17', '20000mAh', 'Écran LCD', 1, 2, 1000),
(18, 'PB018', '2024-01-18', '30000mAh', 'Sans écran', 2, 2, 1000),
(19, 'PB019', '2024-01-19', '10000mAh', 'Écran LED', 1, 2, 1000),
(20, 'PB020', '2024-01-20', '20000mAh', 'Écran LCD', 2, 2, 1000),
(21, 'PB021', '2024-01-21', '30000mAh', 'Sans écran', 1, 2, 1000),
(22, 'PB022', '2024-01-22', '10000mAh', 'Écran LED', 2, 2, 1000),
(23, 'PB023', '2024-01-23', '20000mAh', 'Écran LCD', 1, 2, 1000),
(24, 'PB024', '2024-01-24', '30000mAh', 'Sans écran', 2, 2, 1000),
(25, 'PB025', '2024-01-25', '10000mAh', 'Écran LED', 1, 2, 1000),
(26, 'PB026', '2024-01-26', '20000mAh', 'Écran LCD', 2, 2, 1000),
(27, 'PB027', '2024-01-27', '30000mAh', 'Sans écran', 1, 2, 1000),
(28, 'PB028', '2024-01-28', '10000mAh', 'Écran LED', 2, 2, 1000),
(29, 'PB029', '2024-01-29', '20000mAh', 'Écran LCD', 1, 2, 1000),
(30, 'PB030', '2024-01-30', '30000mAh', 'Sans écran', 2, 2, 1000),
(31, 'PB031', '2024-01-31', '10000mAh', 'Écran LED', 1, 2, 1000),
(32, 'PB032', '2024-02-01', '20000mAh', 'Écran LCD', 2, 2, 1000),
(33, 'PB033', '2024-02-02', '30000mAh', 'Sans écran', 1, 2, 1000),
(34, 'PB034', '2024-02-03', '10000mAh', 'Écran LED', 2, 2, 1000),
(35, 'PB035', '2024-02-04', '20000mAh', 'Écran LCD', 1, 2, 1000),
(36, 'PB036', '2024-02-05', '30000mAh', 'Sans écran', 2, 2, 1000),
(37, 'PB037', '2024-02-06', '10000mAh', 'Écran LED', 1, 2, 1000),
(38, 'PB038', '2024-02-07', '20000mAh', 'Écran LCD', 2, 2, 1000),
(39, 'PB039', '2024-02-08', '30000mAh', 'Sans écran', 1, 2, 1000),
(40, 'PB040', '2024-02-09', '10000mAh', 'Écran LED', 2, 2, 1000),
(41, 'PB041', '2024-02-10', '20000mAh', 'Écran LCD', 1, 2, 1000),
(42, 'PB042', '2024-02-11', '30000mAh', 'Sans écran', 2, 2, 1000),
(43, 'PB043', '2024-02-12', '10000mAh', 'Écran LED', 1, 2, 1000),
(44, 'PB044', '2024-02-13', '20000mAh', 'Écran LCD', 2, 2, 1000),
(45, 'PB045', '2024-02-14', '30000mAh', 'Sans écran', 1, 2, 1000),
(46, 'PB046', '2024-02-15', '10000mAh', 'Écran LED', 2, 2, 1000),
(47, 'PB047', '2024-02-16', '20000mAh', 'Écran LCD', 1, 2, 1000),
(48, 'PB048', '2024-02-17', '30000mAh', 'Sans écran', 2, 2, 1000),
(49, 'PB049', '2024-02-18', '10000mAh', 'Écran LED', 1, 2, 1000),
(50, 'PB050', '2024-02-19', '20000mAh', 'Écran LCD', 2, 2, 1000),
(51, 'PB051', '2024-02-20', '30000mAh', 'Sans écran', 1, 2, 1000),
(52, 'PB052', '2024-02-21', '10000mAh', 'Écran LED', 2, 2, 1000),
(53, 'PB053', '2024-02-22', '20000mAh', 'Écran LCD', 1, 2, 1000),
(54, 'PB054', '2024-02-23', '30000mAh', 'Sans écran', 2, 2, 1000),
(55, 'PB055', '2024-02-24', '10000mAh', 'Écran LED', 1, 2, 1000),
(56, 'PB056', '2024-02-25', '20000mAh', 'Écran LCD', 2, 2, 1000),
(57, 'PB057', '2024-02-26', '30000mAh', 'Sans écran', 1, 2, 1000),
(58, 'PB058', '2024-02-27', '10000mAh', 'Écran LED', 2, 2, 1000),
(59, 'PB059', '2024-02-28', '20000mAh', 'Écran LCD', 1, 2, 1000),
(60, 'PB060', '2024-02-29', '30000mAh', 'Sans écran', 2, 2, 1000),
(61, 'PB061', '2024-03-01', '10000mAh', 'Écran LED', 1, 2, 1000),
(62, 'PB062', '2024-03-02', '20000mAh', 'Écran LCD', 2, 2, 1000),
(63, 'PB063', '2024-03-03', '30000mAh', 'Sans écran', 1, 2, 1000),
(64, 'PB064', '2024-03-04', '10000mAh', 'Écran LED', 2, 2, 1000),
(65, 'PB065', '2024-03-05', '20000mAh', 'Écran LCD', 1, 2, 1000),
(66, 'PB066', '2024-03-06', '30000mAh', 'Sans écran', 2, 2, 1000),
(67, 'PB067', '2024-03-07', '10000mAh', 'Écran LED', 1, 2, 1000),
(68, 'PB068', '2024-03-08', '20000mAh', 'Écran LCD', 2, 2, 1000),
(69, 'PB069', '2024-03-09', '30000mAh', 'Sans écran', 1, 2, 1000),
(70, 'PB070', '2024-03-10', '10000mAh', 'Écran LED', 2, 2, 1000),
(71, 'PB071', '2024-03-11', '20000mAh', 'Écran LCD', 1, 2, 1000),
(72, 'PB072', '2024-03-12', '30000mAh', 'Sans écran', 2, 2, 1000),
(73, 'PB073', '2024-03-13', '10000mAh', 'Écran LED', 1, 2, 1000),
(74, 'PB074', '2024-03-14', '20000mAh', 'Écran LCD', 2, 2, 1000),
(75, 'PB075', '2024-03-15', '30000mAh', 'Sans écran', 1, 2, 1000),
(76, 'PB076', '2024-03-16', '10000mAh', 'Écran LED', 2, 2, 1000),
(77, 'PB077', '2024-03-17', '20000mAh', 'Écran LCD', 1, 2, 1000),
(78, 'PB078', '2024-03-18', '30000mAh', 'Sans écran', 2, 2, 1000),
(79, 'PB079', '2024-03-19', '10000mAh', 'Écran LED', 1, 2, 1000),
(80, 'PB080', '2024-03-20', '20000mAh', 'Écran LCD', 2, 2, 1000),
(81, 'PB081', '2024-03-21', '30000mAh', 'Sans écran', 1, 2, 1000),
(82, 'PB082', '2024-03-22', '10000mAh', 'Écran LED', 2, 2, 1000),
(83, 'PB083', '2024-03-23', '20000mAh', 'Écran LCD', 1, 2, 1000),
(84, 'PB084', '2024-03-24', '30000mAh', 'Sans écran', 2, 2, 1000),
(85, 'PB085', '2024-03-25', '10000mAh', 'Écran LED', 1, 2, 1000),
(86, 'PB086', '2024-03-26', '20000mAh', 'Écran LCD', 2, 2, 1000),
(87, 'PB087', '2024-03-27', '30000mAh', 'Sans écran', 1, 2, 1000),
(88, 'PB088', '2024-03-28', '10000mAh', 'Écran LED', 2, 2, 1000),
(89, 'PB089', '2024-03-29', '20000mAh', 'Écran LCD', 1, 2, 1000),
(90, 'PB090', '2024-03-30', '30000mAh', 'Sans écran', 2, 2, 1000),
(91, 'PB091', '2024-03-31', '10000mAh', 'Écran LED', 1, 2, 1000),
(92, 'PB092', '2024-04-01', '20000mAh', 'Écran LCD', 2, 2, 1000),
(93, 'PB093', '2024-04-02', '30000mAh', 'Sans écran', 1, 2, 1000),
(94, 'PB094', '2024-04-03', '10000mAh', 'Écran LED', 2, 2, 1000),
(95, 'PB095', '2024-04-04', '20000mAh', 'Écran LCD', 1, 2, 1000),
(96, 'PB096', '2024-04-05', '30000mAh', 'Sans écran', 2, 2, 1000),
(97, 'PB097', '2024-04-06', '10000mAh', 'Écran LED', 1, 2, 1000),
(98, 'PB098', '2024-04-07', '20000mAh', 'Écran LCD', 2, 2, 1000),
(99, 'PB099', '2024-04-08', '30000mAh', 'Sans écran', 1, 2, 1000),
(100, 'PB100', '2024-04-09', '10000mAh', 'Écran LED', 2, 2, 1000);

-- --------------------------------------------------------

--
-- Structure de la table `quartier`
--

CREATE TABLE `quartier` (
  `id` int(11) NOT NULL,
  `nomQuartier` varchar(50) NOT NULL,
  `idCommune` int(11) NOT NULL
) ENGINE=InnoDB DEFAULT CHARSET=utf8mb4 COLLATE=utf8mb4_general_ci;

--
-- Déchargement des données de la table `quartier`
--

INSERT INTO `quartier` (`id`, `nomQuartier`, `idCommune`) VALUES
(1, 'Batetela', 1),
(2, 'Haut Commandement', 1),
(3, 'Croix-Rouge', 1),
(4, 'Lemera', 1),
(5, 'Golf', 1),
(6, 'Fleuve', 1),
(7, 'Gare', 1),
(8, 'Commerce', 1),
(9, 'Socimat', 1),
(10, 'Justice', 1),
(11, 'Résidentiel Gombe', 1),
(12, 'Banque Centrale', 1),
(13, 'ONATRA', 1),
(14, 'Hôpital Général', 1),
(15, 'Kasavubu', 2),
(16, 'Kabondo', 2),
(17, 'Saio', 2),
(18, 'Mabonde', 2),
(19, 'Kintambo Magasin', 2),
(20, 'Kampemba', 2),
(21, 'Likembe', 2),
(22, 'Kingabwa Nord', 2),
(23, 'Mpasa', 2),
(24, 'Cité Umoja', 2),
(25, 'Kato', 2),
(26, 'Commune Industrielle', 2),
(27, 'Aviation', 3),
(28, 'Itaga', 3),
(29, 'Bondo', 3),
(30, 'Yakoma', 3),
(31, 'Plateau Boyoma', 3),
(32, 'Kimbangu Sud', 3),
(33, 'Makelele', 3),
(34, 'Immo Congo', 3),
(35, 'Nsele', 3),
(36, 'Fikin-Basoko', 3),
(37, 'Kabambare', 4),
(38, 'Bundu Dia Mayala', 4),
(39, 'Funa', 4),
(40, 'Stade', 4),
(41, 'Référence', 4),
(42, 'Bandal Limitrophe', 4),
(43, 'Kintambo Limite', 4),
(44, 'Foire Internationale', 4),
(45, 'Cité Verte Lingwala', 4),
(46, 'Pumbu', 4),
(47, 'Magasin', 5),
(48, 'Congo-Futur', 5),
(49, 'Ngaliema-Rapide', 5),
(50, 'Cité Mama Mobutu', 5),
(51, 'Sao', 5),
(52, 'CIMCO', 5),
(53, 'Mbudi', 5),
(54, 'Salongo', 5),
(55, 'Pigeon', 5),
(56, 'Malueka', 5),
(57, 'Binza Pigeon', 6),
(58, 'Binza Macampagne', 6),
(59, 'Binza Delvaux', 6),
(60, 'Binza UPN', 6),
(61, 'Cité Verte', 6),
(62, 'Matadis', 6),
(63, 'Mbinza', 6),
(64, 'Kikimi', 6),
(65, 'Malueka Nouvelle', 6),
(66, 'Kinsuka', 6),
(67, 'Mbudi-Nsele', 6),
(68, 'Lola', 6),
(69, 'Mitendi', 6),
(70, 'Pompage', 6),
(71, 'Kipalu', 6),
(72, 'Nzolo', 6),
(73, 'Cité Maman Mobutu', 6),
(74, 'Lemba-Imbu', 6),
(75, 'Mabangu', 6),
(76, 'Ndjili-Lutendele', 6),
(77, 'Ngaliema-Rive', 6),
(78, 'Binza-Kinsuka', 6),
(79, 'Ndeko', 6),
(80, 'Righini', 6),
(81, 'UPN', 7),
(82, 'Malueka UPN', 7),
(83, 'Mbamba', 7),
(84, 'Sans Fil', 7),
(85, 'Mokali', 7),
(86, 'Lukunga Haut', 7),
(87, 'Kimbondo', 7),
(88, 'Hospital Kimbondo', 7),
(89, 'Mitendi Nord', 7),
(90, 'Mitendi Sud', 7),
(91, 'Mazamba', 7),
(92, 'Sanza Télécom', 7),
(93, 'Kindele', 7),
(94, 'Camp Luka Haut', 7),
(95, 'Masanga Mbila', 7),
(96, 'Lunda', 7),
(97, 'Kindumba', 7),
(98, 'Lukunga Bas', 7),
(99, 'Samba', 7),
(100, 'Ngomba Kikusa', 7),
(101, 'Cité Lemba', 8),
(102, 'Kitokimosi', 8),
(103, 'Météo', 8),
(104, 'Baku', 8),
(105, 'Kizola', 8),
(106, 'Cité Pumbu', 8),
(107, 'Sanga Mamba', 8),
(108, 'Mbuku', 8),
(109, 'Luzumu', 8),
(110, 'Mbanza-Ngungu', 8),
(111, 'Ngomba', 8),
(112, 'Lukunga', 8),
(113, 'Kimbangu II', 8),
(114, 'Badiadingi', 8),
(115, 'Zandu', 8),
(116, 'Kiyambi', 8),
(117, 'Mbanza-Lemba', 8),
(118, 'Salongo Selembao', 8),
(119, 'Kinsuka Selembao', 8),
(120, 'Lukunga Cité', 8),
(121, 'Bandal Nord', 9),
(122, 'Bandal Sud', 9),
(123, 'Bandal Centre', 9),
(124, 'Funa', 9),
(125, 'Assanef', 9),
(126, 'Hôpital Bandal', 9),
(127, 'Référence Bandal', 9),
(128, 'Loboko', 9),
(129, 'Mutombo', 9),
(130, 'Kwango', 9),
(131, 'Ngiri-Ngiri Limite', 9),
(132, 'Kapela', 9),
(133, 'Foire-Bandal', 9),
(134, 'Justice Bandal', 9),
(135, 'Mbudi-Bandal', 9),
(136, 'Bandal Tekele', 9),
(137, 'Mabangu Bandal', 9),
(138, 'Lemba-Gal', 9),
(139, 'Nzoloko', 9),
(140, 'Kasa-Vubu Limite', 9),
(141, 'Quartier Yolo-Nord', 10),
(142, 'Quartier Yolo-Sud', 10),
(143, 'Bongolo', 10),
(144, 'Saint Jean', 10),
(145, 'Kalamu 1', 10),
(146, 'Kalamu 2', 10),
(147, 'Matonge', 10),
(148, 'Kasavubu Limite', 10),
(149, 'Victoire', 10),
(150, 'Kapela Kalamu', 10),
(151, 'Kato Kalamu', 10),
(152, 'Kingabwa Kalamu', 10),
(153, 'Righini Kalamu', 10),
(154, 'Briquetterie', 10),
(155, 'Itaga Kalamu', 10),
(156, 'Moke', 10),
(157, 'Funa Kalamu', 10),
(158, 'Muzembe', 10),
(159, 'Kapend', 10),
(160, 'Katoto', 10),
(161, 'Quartier Kasa-Vubu Makala', 11),
(162, 'Sanga Mamba Makala', 11),
(163, 'Kinkole Makala', 11),
(164, 'Mbanda', 11),
(165, 'Kinsaku', 11),
(166, 'Mangungu', 11),
(167, 'Mabulu', 11),
(168, 'Sanga', 11),
(169, 'Cité Makanza', 11),
(170, 'Kilunda', 11),
(171, 'Bumbu I', 12),
(172, 'Bumbu II', 12),
(173, 'Bumbu III', 12),
(174, 'Bumbu 400', 12),
(175, 'Masanga Bumbu', 12),
(176, 'Kimbuta', 12),
(177, 'Mbanza-Bumbu', 12),
(178, 'Mama Yemo', 12),
(179, 'Kapela Bumbu', 12),
(180, 'Nguni', 12),
(181, 'Yenge', 12),
(182, 'Nzila', 12),
(183, 'Mbamba Bumbu', 12),
(184, 'Boko', 12),
(185, 'Cité Badiadingi', 12),
(186, 'Mokili', 12),
(187, 'Cité-École', 12),
(188, 'Salongo-Bumbu', 12),
(189, 'Mangembo', 12),
(190, 'Maya', 12),
(191, 'Ngiri I', 13),
(192, 'Ngiri II', 13),
(193, 'Ngiri III', 13),
(194, 'Funa Ngiri', 13),
(195, 'Baudouin', 13),
(196, 'Sainte Bernadette', 13),
(197, 'Mbasa', 13),
(198, 'Kalembe-Lembe', 13),
(199, 'Makayabo', 13),
(200, 'Makala Limite', 13),
(201, 'Nkomba', 13),
(202, 'Misenga', 13),
(203, 'Mabanga', 13),
(204, 'Kunda', 13),
(205, 'Kalamu Limite', 13),
(206, 'Immo Ngiri', 13),
(207, 'Tshilenge', 13),
(208, 'Milambo', 13),
(209, 'Kisimbu', 13),
(210, 'Mbata', 13),
(211, 'Matete Centre', 14),
(212, 'Matete Marché', 14),
(213, 'Kasa-Vubu Matete', 14),
(214, 'Salongo Matete', 14),
(215, 'Boma Matete', 14),
(216, 'Mokali Matete', 14),
(217, 'Ndanu', 14),
(218, 'De Bonhomme', 14),
(219, 'Nsuami', 14),
(220, 'Funa Matete', 14),
(221, 'Kikwit', 14),
(222, 'Kinkole Matete', 14),
(223, 'Malu-Malu', 14),
(224, 'Kangolo', 14),
(225, 'Kibangu', 14),
(226, 'Maziba', 14),
(227, 'Biongo', 14),
(228, 'Sanga Matete', 14),
(229, 'Mbalaka', 14),
(230, 'Lusanga', 14),
(231, 'Kingabwa', 15),
(232, 'Mombele', 15),
(233, 'Salongo Limete', 15),
(234, 'Ndanu Limete', 15),
(235, 'Industriel', 15),
(236, 'Résidentiel', 15),
(237, 'Mulaji', 15),
(238, 'Mawanga', 15),
(239, 'Mokeba', 15),
(240, 'Kimbuta Limete', 15),
(241, 'Lemba Nord', 16),
(242, 'Lemba Sud', 16),
(243, 'Saint Raphaël', 16),
(244, 'Righini', 16),
(245, 'Camp Lufungula', 16),
(246, 'Mbanza-Lemba', 16),
(247, 'Kipopo', 16),
(248, 'Terminus', 16),
(249, 'Lemba Foire', 16),
(250, 'Mawanga Lemba', 16),
(251, 'Ngaba Centre', 17),
(252, 'Ngaba Haut', 17),
(253, 'Ngaba Bas', 17),
(254, 'Cité Ngaba', 17),
(255, 'Yolo Ngaba', 17),
(256, 'Mitende Ngaba', 17),
(257, 'Mabuku Ngaba', 17),
(258, 'Masanga Ngaba', 17),
(259, 'Kinsaku Ngaba', 17),
(260, 'Mbuku Ngaba', 17),
(261, 'Cité Kinseso', 18),
(262, 'Kinseso Centre', 18),
(263, 'Cité Mavioki', 18),
(264, 'Mavioki II', 18),
(265, 'Mbala', 18),
(266, 'Muku', 18),
(267, 'Luvungi', 18),
(268, 'Nzadi', 18),
(269, 'Mutila', 18),
(270, 'Lusanga', 18),
(271, 'Quartier 1', 19),
(272, 'Quartier 2', 19),
(273, 'Quartier 3', 19),
(274, 'Quartier 4', 19),
(275, 'Quartier 5', 19),
(276, 'Quartier 6', 19),
(277, 'Quartier 7', 19),
(278, 'Quartier 8', 19),
(279, 'Quartier 9', 19),
(280, 'Quartier 10', 19),
(281, 'Mpasa 1', 19),
(282, 'Mpasa 2', 19),
(283, 'Masina-Kin', 19),
(284, 'Nsele Limite', 19),
(285, 'Makayabu', 19),
(286, 'Sanga Ndjili', 19),
(287, 'Masina Sans Fil', 20),
(288, 'Masina Petro-Congo', 20),
(289, 'Masina Mapela', 20),
(290, 'Masina Victor', 20),
(291, 'Masina Quartier 3', 20),
(292, 'Masina Masoko', 20),
(293, 'Masina Funa', 20),
(294, 'Masina Kimbuta', 20),
(295, 'Masina Kinsenso', 20),
(296, 'Masina Nsele', 20),
(297, 'Masina Sam', 20),
(298, 'Masina 2e Rue', 20),
(299, 'Masina 3e Rue', 20),
(300, 'Masina Résidentiel', 20),
(301, 'Quartier Kingasani I', 21),
(302, 'Quartier Kingasani II', 21),
(303, 'Quartier Kingasani III', 21),
(304, 'Kinkole', 21),
(305, 'Ndanu Kimbanseke', 21),
(306, 'Masina-Kimbanseke', 21),
(307, 'Lomami', 21),
(308, 'Masina Sans Fil II', 21),
(309, 'Mbudi Kimbanseke', 21),
(310, 'Nsele-Kimbanseke', 21),
(311, 'Mabanza', 21),
(312, 'Cité Kimbanseke', 21),
(313, 'Kimbuta II', 21),
(314, 'Kimpata', 21),
(315, 'Kiluke', 21),
(316, 'Luzolo', 21),
(317, 'Nsele Village', 22),
(318, 'Nsele Port', 22),
(319, 'Buma', 22),
(320, 'Cité Nsele', 22),
(321, 'Kingakati', 22),
(322, 'Mboka', 22),
(323, 'Malu-Malu Nsele', 22),
(324, 'Cité Safricas', 22),
(325, 'Nsele Agriculture', 22),
(326, 'Cité Maluku', 23),
(327, 'Menkao', 23),
(328, 'Kimpoko', 23),
(329, 'Mpioka', 23),
(330, 'Nkonko', 23),
(331, 'Biyela', 23),
(332, 'Malu-Nseke', 23),
(333, 'Kimpese', 23),
(334, 'Kongo dia Mpumbu', 23),
(335, 'Malu II', 23),
(336, 'Assossa', 24),
(337, 'Katanga', 24),
(338, 'Mandungu', 24),
(339, 'Loki', 24),
(340, 'Nzoloko Kasa-Vubu', 24),
(341, 'Quartier Kabondo', 24),
(342, 'Loki II', 24),
(343, 'Kimbangu Kasa-Vubu', 24),
(344, 'Ndjili-Lutendele Limite', 24),
(345, 'Makayabu Kasa-Vubu', 24),
(346, 'Camp Kasa-Vubu', 24),
(347, 'Mabanga Kasa-Vubu', 24),
(348, 'Mabulu Kasa-Vubu', 24),
(349, 'Sanga Kasa-Vubu', 24),
(350, 'Cité Kasa-Vubu', 24),
(351, 'Mabanga II', 24),
(352, 'Biyela II', 24),
(353, 'Ntur', 24),
(354, 'Kinseso Limite', 24),
(355, 'Lukunga Kasa-Vubu', 24),
(356, 'Kilundu', 24),
(357, 'Mabana', 24),
(358, 'Mbala Kasa-Vubu', 24),
(359, 'Nzadi Kasa-Vubu', 24),
(360, 'Badiadingi Kasa-Vubu', 24),
(361, 'Lufungula', 24),
(362, 'Bulu', 24),
(363, 'Kipasa', 24),
(364, 'Kiora', 24),
(365, 'Nzadi II', 24),
(366, 'Malu-Malu II', 24);

-- --------------------------------------------------------

--
-- Structure de la table `statut`
--

CREATE TABLE `statut` (
  `id` int(11) NOT NULL,
  `LibelStatut` varchar(15) NOT NULL
) ENGINE=InnoDB DEFAULT CHARSET=utf8mb4 COLLATE=utf8mb4_general_ci;

--
-- Déchargement des données de la table `statut`
--

INSERT INTO `statut` (`id`, `LibelStatut`) VALUES
(1, 'En location'),
(2, 'Libre'),
(3, 'Affecter');

-- --------------------------------------------------------

--
-- Structure de la table `type_cable`
--

CREATE TABLE `type_cable` (
  `id` int(11) NOT NULL,
  `libelType` varchar(15) NOT NULL
) ENGINE=InnoDB DEFAULT CHARSET=utf8mb4 COLLATE=utf8mb4_general_ci;

--
-- Déchargement des données de la table `type_cable`
--

INSERT INTO `type_cable` (`id`, `libelType`) VALUES
(1, '4 câbles'),
(2, '3 câbles');

--
-- Index pour les tables déchargées
--

--
-- Index pour la table `affectation`
--
ALTER TABLE `affectation`
  ADD PRIMARY KEY (`id`);

--
-- Index pour la table `agent`
--
ALTER TABLE `agent`
  ADD PRIMARY KEY (`id`),
  ADD KEY `idFonction` (`idFonction`);

--
-- Index pour la table `clients`
--
ALTER TABLE `clients`
  ADD PRIMARY KEY (`id`),
  ADD KEY `idEtat` (`idEtat`);

--
-- Index pour la table `commune`
--
ALTER TABLE `commune`
  ADD PRIMARY KEY (`id`);

--
-- Index pour la table `etat`
--
ALTER TABLE `etat`
  ADD PRIMARY KEY (`id`);

--
-- Index pour la table `fonctions`
--
ALTER TABLE `fonctions`
  ADD PRIMARY KEY (`id`);

--
-- Index pour la table `location`
--
ALTER TABLE `location`
  ADD PRIMARY KEY (`id`);

--
-- Index pour la table `power_bank`
--
ALTER TABLE `power_bank`
  ADD PRIMARY KEY (`id`),
  ADD UNIQUE KEY `codePower` (`codePower`),
  ADD KEY `idStatut` (`idStatut`),
  ADD KEY `idTypeCable` (`idTypeCable`);

--
-- Index pour la table `quartier`
--
ALTER TABLE `quartier`
  ADD PRIMARY KEY (`id`),
  ADD KEY `idCommune` (`idCommune`);

--
-- Index pour la table `statut`
--
ALTER TABLE `statut`
  ADD PRIMARY KEY (`id`);

--
-- Index pour la table `type_cable`
--
ALTER TABLE `type_cable`
  ADD PRIMARY KEY (`id`);

--
-- AUTO_INCREMENT pour les tables déchargées
--

--
-- AUTO_INCREMENT pour la table `affectation`
--
ALTER TABLE `affectation`
  MODIFY `id` int(11) NOT NULL AUTO_INCREMENT, AUTO_INCREMENT=7;

--
-- AUTO_INCREMENT pour la table `agent`
--
ALTER TABLE `agent`
  MODIFY `id` int(11) NOT NULL AUTO_INCREMENT, AUTO_INCREMENT=8;

--
-- AUTO_INCREMENT pour la table `clients`
--
ALTER TABLE `clients`
  MODIFY `id` int(11) NOT NULL AUTO_INCREMENT, AUTO_INCREMENT=1001;

--
-- AUTO_INCREMENT pour la table `commune`
--
ALTER TABLE `commune`
  MODIFY `id` int(11) NOT NULL AUTO_INCREMENT, AUTO_INCREMENT=26;

--
-- AUTO_INCREMENT pour la table `etat`
--
ALTER TABLE `etat`
  MODIFY `id` int(11) NOT NULL AUTO_INCREMENT, AUTO_INCREMENT=3;

--
-- AUTO_INCREMENT pour la table `fonctions`
--
ALTER TABLE `fonctions`
  MODIFY `id` int(11) NOT NULL AUTO_INCREMENT, AUTO_INCREMENT=5;

--
-- AUTO_INCREMENT pour la table `location`
--
ALTER TABLE `location`
  MODIFY `id` int(11) NOT NULL AUTO_INCREMENT, AUTO_INCREMENT=5;

--
-- AUTO_INCREMENT pour la table `power_bank`
--
ALTER TABLE `power_bank`
  MODIFY `id` int(11) NOT NULL AUTO_INCREMENT, AUTO_INCREMENT=101;

--
-- AUTO_INCREMENT pour la table `quartier`
--
ALTER TABLE `quartier`
  MODIFY `id` int(11) NOT NULL AUTO_INCREMENT, AUTO_INCREMENT=367;

--
-- AUTO_INCREMENT pour la table `statut`
--
ALTER TABLE `statut`
  MODIFY `id` int(11) NOT NULL AUTO_INCREMENT, AUTO_INCREMENT=4;

--
-- AUTO_INCREMENT pour la table `type_cable`
--
ALTER TABLE `type_cable`
  MODIFY `id` int(11) NOT NULL AUTO_INCREMENT, AUTO_INCREMENT=3;

--
-- Contraintes pour les tables déchargées
--

--
-- Contraintes pour la table `agent`
--
ALTER TABLE `agent`
  ADD CONSTRAINT `agent_ibfk_1` FOREIGN KEY (`idFonction`) REFERENCES `fonctions` (`id`);

--
-- Contraintes pour la table `clients`
--
ALTER TABLE `clients`
  ADD CONSTRAINT `clients_ibfk_1` FOREIGN KEY (`idEtat`) REFERENCES `etat` (`id`);

--
-- Contraintes pour la table `power_bank`
--
ALTER TABLE `power_bank`
  ADD CONSTRAINT `power_bank_ibfk_1` FOREIGN KEY (`idStatut`) REFERENCES `statut` (`id`),
  ADD CONSTRAINT `power_bank_ibfk_2` FOREIGN KEY (`idTypeCable`) REFERENCES `type_cable` (`id`);

--
-- Contraintes pour la table `quartier`
--
ALTER TABLE `quartier`
  ADD CONSTRAINT `quartier_ibfk_1` FOREIGN KEY (`idCommune`) REFERENCES `commune` (`id`);
COMMIT;

/*!40101 SET CHARACTER_SET_CLIENT=@OLD_CHARACTER_SET_CLIENT */;
/*!40101 SET CHARACTER_SET_RESULTS=@OLD_CHARACTER_SET_RESULTS */;
/*!40101 SET COLLATION_CONNECTION=@OLD_COLLATION_CONNECTION */;
